product_name,off_brands_raw,old_normalized_brand,new_normalized_brand,brand_entity_source,parent_company,query_category,primary_country,observed_market_region_codes
Aero,Nestlé,nestle,Aero,product_name_recovery_nestle_uk_ie_snacks,Nestlé,snacks,United Kingdom,UK_IE
Aero,Nestlé,nestle,Aero,product_name_recovery_nestle_france_snacks,Nestlé,snacks,France,FRANCE
Aero Chocolate Caramel,Nestlé,nestle,Aero,product_name_recovery_nestle_uk_ie_snacks,Nestlé,snacks,United Kingdom,UK_IE
Aero Chocolate Melts,Nestlé,nestle,Aero,product_name_recovery_nestle_uk_ie_snacks,Nestlé,snacks,United Kingdom,UK_IE
Aero Dark & Milk,Nestlé,nestle,Aero,product_name_recovery_nestle_uk_ie_snacks,Nestlé,snacks,United Kingdom,UK_IE
Aero Delightful Peppermint,Nestlé,nestle,Aero,product_name_recovery_nestle_france_snacks,Nestlé,snacks,France,FRANCE|UK_IE
Aero Milk Chocolate Bar,Nestlé,nestle,Aero,product_name_recovery_nestle_france_snacks,Nestlé,snacks,Canada,US_CANADA|FRANCE
Aero Peppermint,Nestle,nestle,Aero,product_name_recovery_nestle_france_snacks,Nestlé,snacks,Canada,US_CANADA|FRANCE
Aero Peppermint,Nestlé,nestle,Aero,product_name_recovery_nestle_france_snacks,Nestlé,snacks,France,FRANCE|UK_IE
Aero Peppermint,Nestlé,nestle,Aero,product_name_recovery_nestle_uk_ie_snacks,Nestlé,snacks,Ireland,UK_IE
Aero Peppermint Chocolate Bar,Nestlé,nestle,Aero,product_name_recovery_nestle_uk_ie_snacks,Nestlé,snacks,United Kingdom,UK_IE
Aero chocolate,Nestlé,nestle,Aero,product_name_recovery_nestle_france_snacks,Nestlé,snacks,France,FRANCE
Aero dark and milk,Nestlé,nestle,Aero,product_name_recovery_nestle_uk_ie_snacks,Nestlé,snacks,United Kingdom,UK_IE
Barre De Chocolat Aero (grand Format),Nestlé,nestle,Aero,product_name_recovery_nestle_france_snacks,Nestlé,snacks,Canada,US_CANADA|FRANCE
Mint Aero,Nestle,nestle,Aero,product_name_recovery_nestle_uk_ie_snacks,Nestlé,snacks,United Kingdom,UK_IE
"Nestle aero, bubbles chocolate",Nestlé,nestle,Aero,product_name_recovery_nestle_france_snacks,Nestlé,snacks,France,FRANCE|UK_IE|US_CANADA
After Eight,Nestlé,nestle,After Eight,product_name_recovery_nestle_france_snacks,Nestlé,snacks,France,FRANCE|DACH|SOUTHERN_EUROPE
After Eight,Nestlé,nestle,After Eight,product_name_recovery_nestle_france_snacks,Nestlé,snacks,France,FRANCE|DACH
After eight,Nestlé,nestle,After Eight,product_name_recovery_nestle_france_snacks,Nestlé,snacks,France,FRANCE
after eight,Nestlé,nestle,After Eight,product_name_recovery_nestle_france_snacks,Nestlé,snacks,France,FRANCE
BALATON® Ét,Nestlé,nestle,Balaton,product_name_recovery_nestle_france_snacks,Nestlé,snacks,France,FRANCE
Balaton,Nestlé,nestle,Balaton,product_name_recovery_nestle_france_snacks,Nestlé,snacks,France,FRANCE
Barre Glacée Crunch,Nestlé,nestle,Crunch,product_name_recovery_nestle_france_snacks,Nestlé,snacks,France,FRANCE
Barre crunch glacée,Nestlé,nestle,Crunch,product_name_recovery_nestle_france_snacks,Nestlé,snacks,France,FRANCE
Berry Crunch Flavour Bar,"Nestlé,Optifast",nestle,Crunch,product_name_recovery_nestle_france_snacks,Nestlé,snacks,France,FRANCE
Crunch,Nestlé,nestle,Crunch,product_name_recovery_nestle_france_snacks,Nestlé,snacks,France,FRANCE
Crunch Creamy Milk Chocolate with Crisped Rice,Nestle,nestle,Crunch,product_name_recovery_nestle_france_snacks,Nestlé,snacks,France,FRANCE|US_CANADA
Crunch Noir,Nestlé,nestle,Crunch,product_name_recovery_nestle_france_snacks,Nestlé,snacks,France,FRANCE
Crunch Snack,Nestlé,nestle,Crunch,product_name_recovery_nestle_france_snacks,Nestlé,snacks,France,FRANCE
Crunch Snack,Nestlé,nestle,Crunch,product_name_recovery_nestle_france_snacks,Nestlé,snacks,France,FRANCE
Crunch snack,Nestlé,nestle,Crunch,product_name_recovery_nestle_france_snacks,Nestlé,snacks,France,FRANCE
crunch,Nestlé,nestle,Crunch,product_name_recovery_nestle_france_snacks,Nestlé,snacks,France,FRANCE
Barre de céréales Fitness Crunchy Caramel,Nestlé,nestle,Fitness,product_name_recovery_nestle_france_snacks,Nestlé,snacks,France,FRANCE
Barre de céréales Fitness Delice Chocolat blanc,Nestlé,nestle,Fitness,product_name_recovery_nestle_france_snacks,Nestlé,snacks,Belgium,BENELUX|FRANCE
Barres Fitness Chocolat Blanc,Nestlé,nestle,Fitness,product_name_recovery_nestle_france_snacks,Nestlé,snacks,France,FRANCE
Chocolate Fitness,Nestlé,nestle,Fitness,product_name_recovery_nestle_france_snacks,Nestlé,snacks,Belgium,BENELUX|NORDICS|FRANCE|SOUTHERN_EUROPE
FITNESS Délice barres de céréales chocolat au lait,Nestlé,nestle,Fitness,product_name_recovery_nestle_france_snacks,Nestlé,snacks,France,FRANCE
Fitness,Nestle,nestle,Fitness,product_name_recovery_nestle_france_snacks,Nestlé,snacks,France,FRANCE|SOUTHERN_EUROPE
Fitness Chocolat,Nestlé,nestle,Fitness,product_name_recovery_nestle_france_snacks,Nestlé,snacks,Belgium,BENELUX|FRANCE
Fitness Dark Chocolate 375gr,Nestlé,nestle,Fitness,product_name_recovery_nestle_france_snacks,Nestlé,snacks,France,FRANCE
Fitness Délice - Chocolat Noir,Nestlé,nestle,Fitness,product_name_recovery_nestle_france_snacks,Nestlé,snacks,France,FRANCE
Fitness Délice Chocolat au lait,Nestlé,nestle,Fitness,product_name_recovery_nestle_france_snacks,Nestlé,snacks,France,FRANCE
Fitness Frutos Rojos,Nestlé,nestle,Fitness,product_name_recovery_nestle_france_snacks,Nestlé,snacks,Colombia,FRANCE
Fitness Tiramisu,Nestlé,nestle,Fitness,product_name_recovery_nestle_france_snacks,Nestlé,snacks,Belgium,BENELUX|FRANCE
Fitness breakfast cereal bar pêches et abricot,Nestlé,nestle,Fitness,product_name_recovery_nestle_france_snacks,Nestlé,snacks,Belgium,BENELUX|FRANCE|SOUTHERN_EUROPE
Fitness chocolat au lait,Nestlé,nestle,Fitness,product_name_recovery_nestle_france_snacks,Nestlé,snacks,France,FRANCE
Milk Chocolate Fitness,Nestlé,nestle,Fitness,product_name_recovery_nestle_france_snacks,Nestlé,snacks,France,FRANCE|SOUTHERN_EUROPE
Nestlé Fitness 8X23.5G Suklaa Viljavälipalapatukka,Nestlé,nestle,Fitness,product_name_recovery_nestle_france_snacks,Nestlé,snacks,France,FRANCE|SOUTHERN_EUROPE
GALAK Chocolat Blanc,"Nestlé, Galak",nestle,Galak,product_name_recovery_nestle_france_snacks,Nestlé,snacks,France,FRANCE
GALAK Chocolat Blanc Tablette 2x100g,"Nestlé, Galak",nestle,Galak,product_name_recovery_nestle_france_snacks,Nestlé,snacks,France,FRANCE
GALAK Mini figurines 65g,"Nestlé, Galak",nestle,Galak,product_name_recovery_nestle_france_snacks,Nestlé,snacks,France,FRANCE
GALAK PRALINE,Nestlé,nestle,Galak,product_name_recovery_nestle_france_snacks,Nestlé,snacks,France,FRANCE
Galak,Nestlé,nestle,Galak,product_name_recovery_nestle_france_snacks,Nestlé,snacks,France,FRANCE
Galak,Nestlé,nestle,Galak,product_name_recovery_nestle_france_snacks,Nestlé,snacks,France,FRANCE
Galak,"Nestlé, Galak",nestle,Galak,product_name_recovery_nestle_france_snacks,Nestlé,snacks,France,FRANCE
Galak,Nestlé,nestle,Galak,product_name_recovery_nestle_france_snacks,Nestlé,snacks,Belgium,BENELUX|FRANCE
Galak,Nestlé,nestle,Galak,product_name_recovery_nestle_france_snacks,Nestlé,snacks,France,FRANCE|SOUTHERN_EUROPE
Galak - Biscuits,"Nestlé, Galak",nestle,Galak,product_name_recovery_nestle_france_snacks,Nestlé,snacks,France,FRANCE
Galak - Spéculoos,"Nestlé, Galak",nestle,Galak,product_name_recovery_nestle_france_snacks,Nestlé,snacks,France,FRANCE
Galak Le chocolat blanc,"Nestlé, Galak",nestle,Galak,product_name_recovery_nestle_france_snacks,Nestlé,snacks,Belgium,BENELUX|FRANCE
Galak PopRi,"Nestlé, Galak",nestle,Galak,product_name_recovery_nestle_france_snacks,Nestlé,snacks,Belgium,BENELUX|FRANCE
Galak Praliné,Nestlé,nestle,Galak,product_name_recovery_nestle_france_snacks,Nestlé,snacks,France,FRANCE
Galak mini figurines,"Nestlé, Galak",nestle,Galak,product_name_recovery_nestle_france_snacks,Nestlé,snacks,France,FRANCE
Galak popri,"Nestlé, Galak",nestle,Galak,product_name_recovery_nestle_france_snacks,Nestlé,snacks,Belgium,BENELUX|FRANCE
Galak popri,"Nestlé, Galak",nestle,Galak,product_name_recovery_nestle_france_snacks,Nestlé,snacks,Belgium,BENELUX|FRANCE
Galak speculoos,Nestlé,nestle,Galak,product_name_recovery_nestle_france_snacks,Nestlé,snacks,France,FRANCE
Galak uovo di cioccolato bianco con sorpresa,"Nestlé, Galak",nestle,Galak,product_name_recovery_nestle_france_snacks,Nestlé,snacks,France,FRANCE
70% Dark Cocoa KitKat,Nestlé,nestle,KitKat,product_name_recovery_nestle_us_canada_snacks,Nestlé,snacks,Canada,US_CANADA
Classic KitKat,Nestlé,nestle,KitKat,product_name_recovery_nestle_france_snacks,Nestlé,snacks,Canada,US_CANADA|FRANCE
KIT KAT THÉ VERT,Nestlé,nestle,KitKat,product_name_recovery_nestle_france_snacks,Nestlé,snacks,France,FRANCE
"KITKAT 4 Fingers Barre au Chocolat au Lait 41,5g, unitaire",Nestlé,nestle,KitKat,product_name_recovery_nestle_france_snacks,Nestlé,snacks,France,FRANCE|SOUTHERN_EUROPE
KITKAT Chunky Peanut Butter Wrapper 42g,Nestlé,nestle,KitKat,product_name_recovery_nestle_france_snacks,Nestlé,snacks,France,FRANCE|SOUTHERN_EUROPE
KITKAT Chunky crunchy double choc (4x42g),"Nestlé, Kit kat chunky",nestle,KitKat,product_name_recovery_nestle_france_snacks,Nestlé,snacks,France,FRANCE
"KITKAT Mini Barre au chocolat au Lait, 200g",Nestle,nestle,KitKat,product_name_recovery_nestle_france_snacks,Nestlé,snacks,France,FRANCE|SOUTHERN_EUROPE
"KITKAT Mini Barre au chocolat au Lait, 350g +10%, format promotionnel","Nestlé, Kit kat minis",nestle,KitKat,product_name_recovery_nestle_france_snacks,Nestlé,snacks,France,FRANCE
KITKAT Mini Break Peanut Butter,"Nestlé, Kit kat mini break",nestle,KitKat,product_name_recovery_nestle_france_snacks,Nestlé,snacks,France,FRANCE
KITKAT Mini Break White 104g,"Nestlé, Kit kat mini break",nestle,KitKat,product_name_recovery_nestle_france_snacks,Nestlé,snacks,France,FRANCE
KITKAT Mini offre gourmande,"Nestlé, Kit kat mini",nestle,KitKat,product_name_recovery_nestle_france_snacks,Nestlé,snacks,France,FRANCE
KITKAT POPS Peanut* 110g. *Cacahuète,"Nestlé, Kit kat pops",nestle,KitKat,product_name_recovery_nestle_france_snacks,Nestlé,snacks,France,FRANCE
KITKAT Senses Choco Noisette,"Nestlé, Kit kat senses",nestle,KitKat,product_name_recovery_nestle_france_snacks,Nestlé,snacks,France,FRANCE
"KITKAT Singles Barre au chocolat au Lait, 10 x 15,2g","Nestlé, Kit kat singles",nestle,KitKat,product_name_recovery_nestle_france_snacks,Nestlé,snacks,France,FRANCE|DACH
Kit Kat,Nestlé,nestle,KitKat,product_name_recovery_nestle_france_snacks,Nestlé,snacks,France,FRANCE|SOUTHERN_EUROPE
Kit Kat,Nestlé,nestle,KitKat,product_name_recovery_nestle_france_snacks,Nestlé,snacks,France,FRANCE
Kit Kat,Nestlé,nestle,KitKat,product_name_recovery_nestle_france_snacks,Nestlé,snacks,Denmark,NORDICS|FRANCE|DACH
Kit Kat,Nestlé,nestle,KitKat,product_name_recovery_nestle_france_snacks,Nestlé,snacks,France,FRANCE
Kit Kat,Nestle,nestle,KitKat,product_name_recovery_nestle_uk_ie_snacks,Nestlé,snacks,United Kingdom,UK_IE
Kit Kat,Nestlé,nestle,KitKat,product_name_recovery_nestle_france_snacks,Nestlé,snacks,Belgium,BENELUX|FRANCE
Kit Kat,Nestlé,nestle,KitKat,product_name_recovery_nestle_us_canada_snacks,Nestlé,snacks,United States,US_CANADA
Kit Kat,Nestlé,nestle,KitKat,product_name_recovery_nestle_uk_ie_snacks,Nestlé,snacks,United Kingdom,UK_IE
Kit Kat,Nestlé,nestle,KitKat,product_name_recovery_nestle_france_snacks,Nestlé,snacks,France,FRANCE
Kit Kat,Nestle,nestle,KitKat,product_name_recovery_nestle_france_snacks,Nestlé,snacks,France,FRANCE
Kit Kat - Gaufrette croustillante,Nestlé,nestle,KitKat,product_name_recovery_nestle_france_snacks,Nestlé,snacks,France,FRANCE
Kit Kat 2 Finger Milk Chocolate Biscuit Bars,Nestlé,nestle,KitKat,product_name_recovery_nestle_france_snacks,Nestlé,snacks,France,FRANCE|UK_IE
Kit Kat Amaou Strawberry,Nestlé,nestle,KitKat,product_name_recovery_nestle_france_snacks,Nestlé,snacks,France,FRANCE
Kit Kat Bar White,Nestlé,nestle,KitKat,product_name_recovery_nestle_france_snacks,Nestlé,snacks,France,FRANCE
Kit Kat Chucky New York Cheesecake,Nestlé,nestle,KitKat,product_name_recovery_nestle_france_snacks,Nestlé,snacks,France,FRANCE
Kit Kat Chunky,Nestlé,nestle,KitKat,product_name_recovery_nestle_france_snacks,Nestlé,snacks,France,FRANCE
Kit Kat Chunky,Nestlé,nestle,KitKat,product_name_recovery_nestle_france_snacks,Nestlé,snacks,France,FRANCE|UK_IE
Kit Kat Chunky,Nestlé,nestle,KitKat,product_name_recovery_nestle_uk_ie_snacks,Nestlé,snacks,United Kingdom,UK_IE
Kit Kat Chunky 36g,Nestle,nestle,KitKat,product_name_recovery_nestle_france_snacks,Nestlé,snacks,France,FRANCE
Kit Kat Chunky Cookies & Cream,Nestlé,nestle,KitKat,product_name_recovery_nestle_france_snacks,Nestlé,snacks,France,FRANCE
Kit Kat Chunky Double Caramel,Nestlé,nestle,KitKat,product_name_recovery_nestle_france_snacks,Nestlé,snacks,France,FRANCE
Kit Kat Chunky Double Caramel,Nestlé,nestle,KitKat,product_name_recovery_nestle_france_snacks,Nestlé,snacks,France,FRANCE
Kit Kat Chunky Hazelnut,Nestlé,nestle,KitKat,product_name_recovery_nestle_france_snacks,Nestlé,snacks,France,FRANCE
Kit Kat Chunky Mix,Nestlé,nestle,KitKat,product_name_recovery_nestle_france_snacks,Nestlé,snacks,France,FRANCE
Kit Kat Chunky Peanut Butter,Nestlé,nestle,KitKat,product_name_recovery_nestle_france_snacks,Nestlé,snacks,France,FRANCE
Kit Kat Cookies & Cream,Nestlé,nestle,KitKat,product_name_recovery_nestle_france_snacks,Nestlé,snacks,France,FRANCE
Kit Kat Dark,Nestlé,nestle,KitKat,product_name_recovery_nestle_france_snacks,Nestlé,snacks,France,FRANCE|DACH
Kit Kat Dark,Nestlé,nestle,KitKat,product_name_recovery_nestle_france_snacks,Nestlé,snacks,France,FRANCE
Kit Kat King Size,Nestlé,nestle,KitKat,product_name_recovery_nestle_france_snacks,Nestlé,snacks,France,FRANCE
Kit Kat Mini Matcha Strong Green Tea,Nestlé,nestle,KitKat,product_name_recovery_nestle_france_snacks,Nestlé,snacks,France,FRANCE
Kit Kat Mini Mix,Nestlé,nestle,KitKat,product_name_recovery_nestle_france_snacks,Nestlé,snacks,France,FRANCE
Kit Kat Mini Moments 12PCS,Nestlé,nestle,KitKat,product_name_recovery_nestle_france_snacks,Nestlé,snacks,France,FRANCE
Kit Kat Mint Créme & Cookie Smash,Nestlé,nestle,KitKat,product_name_recovery_nestle_france_snacks,Nestlé,snacks,France,FRANCE
Kit Kat Mix,Nestlé,nestle,KitKat,product_name_recovery_nestle_france_snacks,Nestlé,snacks,France,FRANCE
Kit Kat Mocha,Nestlé,nestle,KitKat,product_name_recovery_nestle_france_snacks,Nestlé,snacks,France,FRANCE
Kit Kat Momiji Manju,Nestlé,nestle,KitKat,product_name_recovery_nestle_france_snacks,Nestlé,snacks,France,FRANCE
Kit Kat Orange 2 Finger 20.7G,Nestlé,nestle,KitKat,product_name_recovery_nestle_france_snacks,Nestlé,snacks,France,FRANCE|SOUTHERN_EUROPE
Kit Kat Premium peach mint,Nestlé,nestle,KitKat,product_name_recovery_nestle_france_snacks,Nestlé,snacks,France,FRANCE
Kit Kat Raspberry,Nestlé,nestle,KitKat,product_name_recovery_nestle_france_snacks,Nestlé,snacks,France,FRANCE
Kit Kat Ruby Cocoa Beans,Nestlé,nestle,KitKat,product_name_recovery_nestle_france_snacks,Nestlé,snacks,France,FRANCE|DACH
Kit Kat Senses,Nestlé,nestle,KitKat,product_name_recovery_nestle_france_snacks,Nestlé,snacks,France,FRANCE|DACH|SOUTHERN_EUROPE
Kit Kat Shinshu Apple,Nestlé,nestle,KitKat,product_name_recovery_nestle_france_snacks,Nestlé,snacks,France,FRANCE
Kit Kat Stirrer Vanilla,Nestlé,nestle,KitKat,product_name_recovery_nestle_france_snacks,Nestlé,snacks,France,FRANCE
Kit Kat White,Nestlé,nestle,KitKat,product_name_recovery_nestle_france_snacks,Nestlé,snacks,France,FRANCE|SOUTHERN_EUROPE
Kit Kat White,Nestlé,nestle,KitKat,product_name_recovery_nestle_france_snacks,Nestlé,snacks,Austria,DACH|FRANCE
Kit Kat White & Milk,Nestlé,nestle,KitKat,product_name_recovery_nestle_france_snacks,Nestlé,snacks,France,FRANCE
Kit Kat chestnut,Nestlé,nestle,KitKat,product_name_recovery_nestle_france_snacks,Nestlé,snacks,France,FRANCE
Kit Kat chunky duo,Nestlé,nestle,KitKat,product_name_recovery_nestle_france_snacks,Nestlé,snacks,France,FRANCE|UK_IE
Kit Kat mini,Nestlé,nestle,KitKat,product_name_recovery_nestle_us_canada_snacks,Nestlé,snacks,United States,US_CANADA
Kit Kat mini 517g,Nestlé,nestle,KitKat,product_name_recovery_nestle_france_snacks,Nestlé,snacks,France,FRANCE
Kit Kat original,Nestlé,nestle,KitKat,product_name_recovery_nestle_france_snacks,Nestlé,snacks,France,FRANCE
Kit Kat ruby cocoa beans,Nestlé,nestle,KitKat,product_name_recovery_nestle_france_snacks,Nestlé,snacks,France,FRANCE
Kit Kat white,Nestlé,nestle,KitKat,product_name_recovery_nestle_france_snacks,Nestlé,snacks,France,FRANCE
Kit kat,Nestlé,nestle,KitKat,product_name_recovery_nestle_uk_ie_snacks,Nestlé,snacks,United Kingdom,UK_IE
Kit kat,Nestlé,nestle,KitKat,product_name_recovery_nestle_uk_ie_snacks,Nestlé,snacks,United Kingdom,UK_IE
Kit kat chunky,Nestlé,nestle,KitKat,product_name_recovery_nestle_france_snacks,Nestlé,snacks,Bulgaria,FRANCE|SOUTHERN_EUROPE
Kit kat drumstick,Nestle,nestle,KitKat,product_name_recovery_nestle_us_canada_snacks,Nestlé,snacks,United States,US_CANADA
Kit kat noix de coco,Nestlé,nestle,KitKat,product_name_recovery_nestle_france_snacks,Nestlé,snacks,France,FRANCE
Kit kat pop choc,Nestlé,nestle,KitKat,product_name_recovery_nestle_france_snacks,Nestlé,snacks,France,FRANCE
Kit-kat pops,Nestlé,nestle,KitKat,product_name_recovery_nestle_uk_ie_snacks,Nestlé,snacks,United Kingdom,UK_IE
KitKat,Nestlé,nestle,KitKat,product_name_recovery_nestle_france_snacks,Nestlé,snacks,France,FRANCE|SOUTHERN_EUROPE
KitKat,Nestlé,nestle,KitKat,product_name_recovery_nestle_france_snacks,Nestlé,snacks,France,FRANCE
KitKat,Nestle,nestle,KitKat,product_name_recovery_nestle_france_snacks,Nestlé,snacks,France,FRANCE|UK_IE
KitKat,Nestlé,nestle,KitKat,product_name_recovery_nestle_france_snacks,Nestlé,snacks,France,FRANCE|UK_IE
KitKat CHUNKY,Nestlé,nestle,KitKat,product_name_recovery_nestle_france_snacks,Nestlé,snacks,France,FRANCE
KitKat Caramel X 9,Nestle,nestle,KitKat,product_name_recovery_nestle_uk_ie_snacks,Nestlé,snacks,United Kingdom,UK_IE|US_CANADA
KitKat Chunky,Nestle,nestle,KitKat,product_name_recovery_nestle_uk_ie_snacks,Nestlé,snacks,United Kingdom,UK_IE
KitKat Chunky Gooey Caramel,Nestlé,nestle,KitKat,product_name_recovery_nestle_france_snacks,Nestlé,snacks,Australia,FRANCE
KitKat Chunky Peanut Butter,Nestlé,nestle,KitKat,product_name_recovery_nestle_france_snacks,Nestlé,snacks,France,FRANCE
KitKat Chunky Peanut Butter,Nestlé,nestle,KitKat,product_name_recovery_nestle_france_snacks,Nestlé,snacks,France,FRANCE
KitKat Chunky with milk,Nestlé,nestle,KitKat,product_name_recovery_nestle_france_snacks,Nestlé,snacks,France,FRANCE
KitKat Dark,Nestlé,nestle,KitKat,product_name_recovery_nestle_france_snacks,Nestlé,snacks,France,FRANCE|SOUTHERN_EUROPE
KitKat Dark 70%,Nestlé,nestle,KitKat,product_name_recovery_nestle_france_snacks,Nestlé,snacks,France,FRANCE|SOUTHERN_EUROPE
KitKat Family Pack 14pk,Nestlé,nestle,KitKat,product_name_recovery_nestle_uk_ie_snacks,Nestlé,snacks,United Kingdom,UK_IE
KitKat GOLD キットカットで応援しよう!,Nestle,nestle,KitKat,product_name_recovery_nestle_us_canada_snacks,Nestlé,snacks,Japan,US_CANADA
KitKat Gold,Nestlé,nestle,KitKat,product_name_recovery_nestle_france_snacks,Nestlé,snacks,Canada,US_CANADA|FRANCE
KitKat Gold,Nestlé,nestle,KitKat,product_name_recovery_nestle_france_snacks,Nestlé,snacks,Australia,FRANCE
KitKat Melon,Nestlé,nestle,KitKat,product_name_recovery_nestle_us_canada_snacks,Nestlé,snacks,United States,US_CANADA
KitKat Minis,Nestlé,nestle,KitKat,product_name_recovery_nestle_us_canada_snacks,Nestlé,snacks,Canada,US_CANADA
KitKat ball,Nestlé,nestle,KitKat,product_name_recovery_nestle_france_snacks,Nestlé,snacks,France,FRANCE
KitKat chunky,Nestlé,nestle,KitKat,product_name_recovery_nestle_france_snacks,Nestlé,snacks,Austria,DACH|NORDICS|FRANCE|BENELUX|SOUTHERN_EUROPE
KitKat orange,Nestlé,nestle,KitKat,product_name_recovery_nestle_france_snacks,Nestlé,snacks,France,FRANCE|UK_IE
KitKat original,Nestlé,nestle,KitKat,product_name_recovery_nestle_uk_ie_snacks,Nestlé,snacks,United Kingdom,UK_IE
KitKat saveur caramel cappuccino,Nestlé,nestle,KitKat,product_name_recovery_nestle_france_snacks,Nestlé,snacks,France,FRANCE|DACH
KitKat white,Nestlé,nestle,KitKat,product_name_recovery_nestle_france_snacks,Nestlé,snacks,France,FRANCE
KitKat with ruby cocoa beans,Nestlé,nestle,KitKat,product_name_recovery_nestle_france_snacks,Nestlé,snacks,France,FRANCE|DACH
Kitkat Bites Milk Chocolate Bag,Nestlé,nestle,KitKat,product_name_recovery_nestle_france_snacks,Nestlé,snacks,France,FRANCE
Kitkat Caramel,Nestle,nestle,KitKat,product_name_recovery_nestle_uk_ie_snacks,Nestlé,snacks,United Kingdom,UK_IE
Kitkat Chunky Funky,Nestle,nestle,KitKat,product_name_recovery_nestle_uk_ie_snacks,Nestlé,snacks,United Kingdom,UK_IE
Kitkat Classic Mini Telefonhaus Spardose,Nestlé,nestle,KitKat,product_name_recovery_nestle_france_snacks,Nestlé,snacks,France,FRANCE
Kitkat Dark Chocolate Biscuit Bar,Nestlé,nestle,KitKat,product_name_recovery_nestle_france_snacks,Nestlé,snacks,France,FRANCE|UK_IE
Kitkat Pop Choc,Nestlé,nestle,KitKat,product_name_recovery_nestle_france_snacks,Nestlé,snacks,France,FRANCE
Kitkat White,Nestlé,nestle,KitKat,product_name_recovery_nestle_france_snacks,Nestlé,snacks,France,FRANCE|DACH
Kitkat au matcha,Nestlé,nestle,KitKat,product_name_recovery_nestle_france_snacks,Nestlé,snacks,France,FRANCE
Kitkat ball,Nestlé,nestle,KitKat,product_name_recovery_nestle_france_snacks,Nestlé,snacks,France,FRANCE
Kitkat chunky popcorn,Nestlé,nestle,KitKat,product_name_recovery_nestle_france_snacks,Nestlé,snacks,Canada,US_CANADA|FRANCE
Kitkat dark wafer ricoperto di cioccolato fondente,Nestlé,nestle,KitKat,product_name_recovery_nestle_france_snacks,Nestlé,snacks,France,FRANCE|SOUTHERN_EUROPE
Kitkat pops noisettes & éclats de cacao,"Nestlé, Kit kat pops",nestle,KitKat,product_name_recovery_nestle_france_snacks,Nestlé,snacks,France,FRANCE
Kitkat singles,Nestlé,nestle,KitKat,product_name_recovery_nestle_france_snacks,Nestlé,snacks,France,FRANCE
Kitkat Éclats croustillants,Nestlé,nestle,KitKat,product_name_recovery_nestle_france_snacks,Nestlé,snacks,France,FRANCE
Nestle Kitkat 4 Fingers Chocolate,Nestlé,nestle,KitKat,product_name_recovery_nestle_france_snacks,Nestlé,snacks,France,FRANCE
Nestle Kitkat 41.5G,Nestlé,nestle,KitKat,product_name_recovery_nestle_france_snacks,Nestlé,snacks,France,FRANCE
Nestlé Kit Kat Bites 104G Suklaakuorrutteinen Vohvelipatukka,Nestlé,nestle,KitKat,product_name_recovery_nestle_france_snacks,Nestlé,snacks,France,FRANCE
Nesurenihon Kit Kat Mini 14 Sheets ~ 12 Bags,Nestlé,nestle,KitKat,product_name_recovery_nestle_france_snacks,Nestlé,snacks,France,FRANCE
Tokyo Banana Kitkat,Nestlé,nestle,KitKat,product_name_recovery_nestle_france_snacks,Nestlé,snacks,France,FRANCE
kit kat chunky,Nestlé,nestle,KitKat,product_name_recovery_nestle_france_snacks,Nestlé,snacks,France,FRANCE
kitkat,Nestle,nestle,KitKat,product_name_recovery_nestle_uk_ie_snacks,Nestlé,snacks,United Kingdom,UK_IE
kitkat,Nestlé,nestle,KitKat,product_name_recovery_nestle_france_snacks,Nestlé,snacks,France,FRANCE|UK_IE
kitkat,Nestlé,nestle,KitKat,product_name_recovery_nestle_france_snacks,Nestlé,snacks,France,FRANCE
kitkat dark,Nestlé,nestle,KitKat,product_name_recovery_nestle_france_snacks,Nestlé,snacks,France,FRANCE
INCOA Les recettes de l'Atelier,Nestlé,nestle,Les Recettes de l’Atelier,product_name_recovery_nestle_france_snacks,Nestlé,snacks,France,FRANCE
L atelier,"Nestlé, Les recettes de l'Atelier",nestle,Les Recettes de l’Atelier,product_name_recovery_nestle_france_snacks,Nestlé,snacks,France,FRANCE
L'ATELIER chocolat blond noisettes amandes,Nestlé,nestle,Les Recettes de l’Atelier,product_name_recovery_nestle_france_snacks,Nestlé,snacks,France,FRANCE
L'ATELIER chocolat noir pomme caramel,"Nestlé, Les Recettes de l'Atelier",nestle,Les Recettes de l’Atelier,product_name_recovery_nestle_france_snacks,Nestlé,snacks,France,FRANCE
L'Atelier nº3 negro floral,Nestlé,nestle,Les Recettes de l’Atelier,product_name_recovery_nestle_france_snacks,Nestlé,snacks,France,FRANCE|SOUTHERN_EUROPE
LES RECETTES DE L'ATELIER Les Bouchées Noir 187g,"Nestlé, Les recettes de l'atelier bouchees",nestle,Les Recettes de l’Atelier,product_name_recovery_nestle_france_snacks,Nestlé,snacks,France,FRANCE
LES RECETTES DE L'ATELIER Les Bouchées Noir 401g,"Nestlé, Les recettes de l'atelier bouchees",nestle,Les Recettes de l’Atelier,product_name_recovery_nestle_france_snacks,Nestlé,snacks,France,FRANCE
LES RECETTES DE L'ATELIER. Pâte d'amande CHOCOLAT NOIR PURE CHOCOLADE MET MARSEPEIN,"Nestlé, Les Recettes de l'Atelier",nestle,Les Recettes de l’Atelier,product_name_recovery_nestle_france_snacks,Nestlé,snacks,France,FRANCE
Les Recettes de l'Atelier - Chocolat Noir Noisettes Entières Torréfiées,Nestlé,nestle,Les Recettes de l’Atelier,product_name_recovery_nestle_france_snacks,Nestlé,snacks,France,FRANCE
"Les Recettes de l'Atelier - Chocolat Noir, Myrtilles, Amandes & Noisettes","Nestlé, Les Recettes de l'Atelier",nestle,Les Recettes de l’Atelier,product_name_recovery_nestle_france_snacks,Nestlé,snacks,France,FRANCE
Les Recettes de l'Atelier - Chocolat noir de dégustation aux éclats de fèves de cacao caramélisés,"Nestlé, Les recettes de l'Atelier",nestle,Les Recettes de l’Atelier,product_name_recovery_nestle_france_snacks,Nestlé,snacks,France,FRANCE
Les Recettes de l'Atelier Ganache Chocolat et Citron Vert,"Nestlé, Les Recettes de l'Atelier",nestle,Les Recettes de l’Atelier,product_name_recovery_nestle_france_snacks,Nestlé,snacks,France,FRANCE
Les Recettes de l'Atelier N°8 Éclats de Caramel,"Nestlé, Les recettes de l'Atelier",nestle,Les Recettes de l’Atelier,product_name_recovery_nestle_france_snacks,Nestlé,snacks,France,FRANCE
"Les Recettes de l'Atelier Raisins, Amandes & Noisettes Chocolat Noir (Offre Gourmande)","Nestlé, Les recettes de l'Atelier",nestle,Les Recettes de l’Atelier,product_name_recovery_nestle_france_snacks,Nestlé,snacks,France,FRANCE
Les recettes de l atelier,"Nestlé, Les recettes de l'atelier",nestle,Les Recettes de l’Atelier,product_name_recovery_nestle_france_snacks,Nestlé,snacks,France,FRANCE
Les recettes de l'Atelier,"Nestlé, Les recettes de l'Atelier",nestle,Les Recettes de l’Atelier,product_name_recovery_nestle_france_snacks,Nestlé,snacks,France,FRANCE
"Les recettes de l'Atelier Cassis, Amandes & Noisettes","Nestlé, Les recettes de l'Atelier",nestle,Les Recettes de l’Atelier,product_name_recovery_nestle_france_snacks,Nestlé,snacks,France,FRANCE
Les recettes de l'Atelier Citron confit & Amande,Nestlé,nestle,Les Recettes de l’Atelier,product_name_recovery_nestle_france_snacks,Nestlé,snacks,France,FRANCE
Les recettes de l'atelier,"Nestlé, Les Recettes de l'Atelier",nestle,Les Recettes de l’Atelier,product_name_recovery_nestle_france_snacks,Nestlé,snacks,Belgium,BENELUX|FRANCE
Les recettes de l'atelier - chocolat blond caramel - noisettes,"Nestlé, Les recettes de l'Atelier",nestle,Les Recettes de l’Atelier,product_name_recovery_nestle_france_snacks,Nestlé,snacks,France,FRANCE
Les recettes de l'atelier - recette n°5 Noir Acidulé,Nestlé,nestle,Les Recettes de l’Atelier,product_name_recovery_nestle_france_snacks,Nestlé,snacks,France,FRANCE
Les recettes de l'atelier RAW 75%,"Nestlé, Les Recettes de l'Atelier",nestle,Les Recettes de l’Atelier,product_name_recovery_nestle_france_snacks,Nestlé,snacks,France,FRANCE
Les recettes de l'atelier Ruby,"Nestlé, Les Recettes de l'Atelier",nestle,Les Recettes de l’Atelier,product_name_recovery_nestle_france_snacks,Nestlé,snacks,Belgium,BENELUX|FRANCE
Les recettes de l'atelier bio 70% chocolat noir,Nestlé,nestle,Les Recettes de l’Atelier,product_name_recovery_nestle_france_snacks,Nestlé,snacks,France,FRANCE
"Les recettes de l'atelier cranberries, amandes, noisette",Nestlé,nestle,Les Recettes de l’Atelier,product_name_recovery_nestle_france_snacks,Nestlé,snacks,France,FRANCE
Les recettes de l'atelier les bouchées framboise intense,Nestlé,nestle,Les Recettes de l’Atelier,product_name_recovery_nestle_france_snacks,Nestlé,snacks,Belgium,BENELUX|FRANCE
NESTLE L'ATELIER - Lait Praliné - 143g,"Nestlé, Les recettes de l'atelier",nestle,Les Recettes de l’Atelier,product_name_recovery_nestle_france_snacks,Nestlé,snacks,France,FRANCE
NESTLE L'ATELIER - Noir 70% - 100g,"Nestlé, Les recettes de l'atelier, Nestle les recettes de l’atelier",nestle,Les Recettes de l’Atelier,product_name_recovery_nestle_france_snacks,Nestlé,snacks,France,FRANCE
NESTLE L'ATELIER - Noir Ganache noir sel - 144g,"Nestlé, Les recettes de l'atelier",nestle,Les Recettes de l’Atelier,product_name_recovery_nestle_france_snacks,Nestlé,snacks,Belgium,BENELUX|FRANCE
NESTLE L'ATELIER BIO 80% 80g,"Nestlé, Les recettes de l'atelier",nestle,Les Recettes de l’Atelier,product_name_recovery_nestle_france_snacks,Nestlé,snacks,France,FRANCE
NESTLE L'ATELIER BIO Lait Raisin Noisettes 170g,"Nestlé, Les recettes de l'atelier",nestle,Les Recettes de l’Atelier,product_name_recovery_nestle_france_snacks,Nestlé,snacks,France,FRANCE
NESTLE L'ATELIER BIO Noir Raisin Noisettes 170g,"Nestlé, Les recettes de l'atelier",nestle,Les Recettes de l’Atelier,product_name_recovery_nestle_france_snacks,Nestlé,snacks,France,FRANCE
NESTLE L'ATELIER Carrés dégustation Noir 70% 176g,"Nestlé,Les recettes de l'atelier",nestle,Les Recettes de l’Atelier,product_name_recovery_nestle_france_snacks,Nestlé,snacks,France,FRANCE
"NESTLE L'ATELIER Chocolat Noir Myrtilles, Amandes et Noisettes","Nestlé, Les recettes de l'atelier",nestle,Les Recettes de l’Atelier,product_name_recovery_nestle_france_snacks,Nestlé,snacks,France,FRANCE
NESTLE L'ATELIER Chocolat Noir Noisettes Entières Torréfiées,"Nestlé, Les recettes de l'atelier",nestle,Les Recettes de l’Atelier,product_name_recovery_nestle_france_snacks,Nestlé,snacks,France,FRANCE
"NESTLE L'ATELIER Chocolat Noir Raisins, Amandes et Noisettes","Nestlé, Les recettes de l'atelier",nestle,Les Recettes de l’Atelier,product_name_recovery_nestle_france_snacks,Nestlé,snacks,France,FRANCE
NESTLE L'ATELIER Chocolat Noir et Pâte d'amande,"Nestlé, Les recettes de l'atelier",nestle,Les Recettes de l’Atelier,product_name_recovery_nestle_france_snacks,Nestlé,snacks,France,FRANCE
NESTLE L'ATELIER Chocolat au Lait Amandes Citron,"Nestlé, Les recettes de l'atelier",nestle,Les Recettes de l’Atelier,product_name_recovery_nestle_france_snacks,Nestlé,snacks,France,FRANCE
NESTLE L'ATELIER Chocolat au Lait et Nougat 150g,"Nestlé, Les recettes de l'atelier",nestle,Les Recettes de l’Atelier,product_name_recovery_nestle_france_snacks,Nestlé,snacks,France,FRANCE
"NESTLE L'ATELIER Chocolat au Lait, Cranberries, Amandes et Noisettes","Nestlé, Les recettes de l'atelier",nestle,Les Recettes de l’Atelier,product_name_recovery_nestle_france_snacks,Nestlé,snacks,France,FRANCE
"NESTLE L'ATELIER Chocolat au Lait, Raisins, Amandes et Noisettes","Nestlé, Les recettes de l'atelier",nestle,Les Recettes de l’Atelier,product_name_recovery_nestle_france_snacks,Nestlé,snacks,France,FRANCE
NESTLE L'ATELIER Chocolat noir 78% Floral,"Nestlé, Les recettes de l'atelier",nestle,Les Recettes de l’Atelier,product_name_recovery_nestle_france_snacks,Nestlé,snacks,France,FRANCE
NESTLE L'ATELIER Fèves de cacao grillées 100g,"Nestlé, Les recettes de l'atelier",nestle,Les Recettes de l’Atelier,product_name_recovery_nestle_france_snacks,Nestlé,snacks,France,FRANCE
NESTLE L'ATELIER Ganache chocolat au lait et caramel 150g,"Nestlé, Les recettes de l'atelier",nestle,Les Recettes de l’Atelier,product_name_recovery_nestle_france_snacks,Nestlé,snacks,France,FRANCE
NESTLE L'ATELIER Ganache chocolat noir 150g,"Nestlé, Les recettes de l'atelier",nestle,Les Recettes de l’Atelier,product_name_recovery_nestle_france_snacks,Nestlé,snacks,France,FRANCE
NESTLE L'ATELIER Ganache chocolat noir et orange,"Nestlé, Les recettes de l'atelier",nestle,Les Recettes de l’Atelier,product_name_recovery_nestle_france_snacks,Nestlé,snacks,France,FRANCE
NESTLE L'ATELIER INCOA 70% 68g,"Nestlé, Les recettes de l'atelier incoa",nestle,Les Recettes de l’Atelier,product_name_recovery_nestle_france_snacks,Nestlé,snacks,France,FRANCE
NESTLE L'ATELIER LES BOUCHÉES Noir caramel,"Nestlé, Les recettes de l'atelier bouchees",nestle,Les Recettes de l’Atelier,product_name_recovery_nestle_france_snacks,Nestlé,snacks,France,FRANCE
NESTLE L'ATELIER LES BOUCHÉES chocolat au lait éclats de noisettes 262g,"Nestlé, Les recettes de l'atelier",nestle,Les Recettes de l’Atelier,product_name_recovery_nestle_france_snacks,Nestlé,snacks,France,FRANCE
NESTLE L'ATELIER Lait Noisettes Entières Torréfiées 195g,"Nestlé, Les recettes de l'atelier",nestle,Les Recettes de l’Atelier,product_name_recovery_nestle_france_snacks,Nestlé,snacks,France,FRANCE
NESTLE L'ATELIER Les Bouchées MIX 265g,"Nestlé, Les recettes de l'atelier",nestle,Les Recettes de l’Atelier,product_name_recovery_nestle_france_snacks,Nestlé,snacks,France,FRANCE
NESTLE L'ATELIER Les Bouchées lait caramel 272g,"Nestlé, Les recettes de l'atelier",nestle,Les Recettes de l’Atelier,product_name_recovery_nestle_france_snacks,Nestlé,snacks,France,FRANCE
"NESTLE L'ATELIER Lingots Lait Raisins Noisettes 157,5g","Nestlé, Les recettes de l'atelier bouchees",nestle,Les Recettes de l’Atelier,product_name_recovery_nestle_france_snacks,Nestlé,snacks,France,FRANCE
NESTLE L'ATELIER Noir Amande 115g,"Nestlé, Les recettes de l'atelier",nestle,Les Recettes de l’Atelier,product_name_recovery_nestle_france_snacks,Nestlé,snacks,Belgium,BENELUX|FRANCE
NESTLE L'ATELIER Noir Caramel 115g,"Nestlé, Les recettes de l'atelier",nestle,Les Recettes de l’Atelier,product_name_recovery_nestle_france_snacks,Nestlé,snacks,Belgium,BENELUX|FRANCE
NESTLE L'ATELIER Noir Noisettes grillées 115g,"Nestlé, Les recettes de l'atelier",nestle,Les Recettes de l’Atelier,product_name_recovery_nestle_france_snacks,Nestlé,snacks,France,FRANCE
NESTLE L'ATELIER Noir Pistache Amande 115g,"Nestlé, Les recettes de l'atelier",nestle,Les Recettes de l’Atelier,product_name_recovery_nestle_france_snacks,Nestlé,snacks,France,FRANCE
NESTLE L'ATELIER Tablette Chocolat Blanc Noisettes - 150g,"Nestlé, Les recettes de l'atelier",nestle,Les Recettes de l’Atelier,product_name_recovery_nestle_france_snacks,Nestlé,snacks,France,FRANCE
NESTLE L'ATELIER Tablette Chocolat lait amandes croquantes - 100g,"Nestlé, Les recettes de l'atelier",nestle,Les Recettes de l’Atelier,product_name_recovery_nestle_france_snacks,Nestlé,snacks,France,FRANCE
NESTLE L'ATELIER Tablette Chocolat lait biscuit noisettes - 170g,"Nestlé, Les recettes de l'atelier",nestle,Les Recettes de l’Atelier,product_name_recovery_nestle_france_snacks,Nestlé,snacks,France,FRANCE
NESTLE L'ATELIER Tablette Chocolat lait caramel noisettes et amandes - 170g,"Nestlé, Les recettes de l'atelier",nestle,Les Recettes de l’Atelier,product_name_recovery_nestle_france_snacks,Nestlé,snacks,France,FRANCE
NESTLE L'ATELIER Tablette Chocolat lait cranberries amandes - 170g,"Nestlé, Les recettes de l'atelier",nestle,Les Recettes de l’Atelier,product_name_recovery_nestle_france_snacks,Nestlé,snacks,Bulgaria,FRANCE
NESTLE L'ATELIER Tablette Chocolat lait muesli - 170g,"Nestlé, Les recettes de l'atelier",nestle,Les Recettes de l’Atelier,product_name_recovery_nestle_france_snacks,Nestlé,snacks,France,FRANCE
NESTLE L'ATELIER Tablette Chocolat lait raisins - 170g,"Nestlé, Les recettes de l'atelier",nestle,Les Recettes de l’Atelier,product_name_recovery_nestle_france_snacks,Nestlé,snacks,Bulgaria,FRANCE
NESTLE L'ATELIER Tablette Chocolat noir amandes - 170g,"Nestlé,Les recettes de l'atelier",nestle,Les Recettes de l’Atelier,product_name_recovery_nestle_france_snacks,Nestlé,snacks,France,FRANCE
NESTLE L'ATELIER Tablette Chocolat noir amandes croquantes - 100g,"Nestlé, Les recettes de l'atelier",nestle,Les Recettes de l’Atelier,product_name_recovery_nestle_france_snacks,Nestlé,snacks,France,FRANCE|SOUTHERN_EUROPE
NESTLE L'ATELIER Tablette Chocolat noir biscuit caramel amandes - 170g,"Nestlé, Les recettes de l'atelier",nestle,Les Recettes de l’Atelier,product_name_recovery_nestle_france_snacks,Nestlé,snacks,France,FRANCE|SOUTHERN_EUROPE
NESTLE L'ATELIER Tablette Chocolat noir caramel pointe de sel- 100g,"Nestlé, Les recettes de l'atelier",nestle,Les Recettes de l’Atelier,product_name_recovery_nestle_france_snacks,Nestlé,snacks,France,FRANCE
NESTLE L'ATELIER Tablette Chocolat noir cranberries amandes - 170g,"Nestlé, Les recettes de l'atelier",nestle,Les Recettes de l’Atelier,product_name_recovery_nestle_france_snacks,Nestlé,snacks,France,FRANCE
NESTLE L'ATELIER Tablette Chocolat noir myrtilles amandes - 170g,Nestlé,nestle,Les Recettes de l’Atelier,product_name_recovery_nestle_france_snacks,Nestlé,snacks,France,FRANCE
NESTLE L'ATELIER Tablette Chocolat noir noisettes - 170g,"Nestlé, Les recettes de l'atelier",nestle,Les Recettes de l’Atelier,product_name_recovery_nestle_france_snacks,Nestlé,snacks,France,FRANCE
NESTLE L'ATELIER Tablette Chocolat noir orange confite - 100g,"Nestlé, Les recettes de l'atelier",nestle,Les Recettes de l’Atelier,product_name_recovery_nestle_france_snacks,Nestlé,snacks,France,FRANCE
NESTLE L'ATELIER Tablette Chocolat noir raisins - 170g,"Nestlé, Les recettes de l'atelier",nestle,Les Recettes de l’Atelier,product_name_recovery_nestle_france_snacks,Nestlé,snacks,France,FRANCE
NESTLE L'ATELIER calendrier de l'avent 279g,"Nestlé, Les recettes de l'atelier",nestle,Les Recettes de l’Atelier,product_name_recovery_nestle_france_snacks,Nestlé,snacks,France,FRANCE
NESTLE L'ATELIER – Tablette Chocolat blanc & lait fondant coco – 130g,"Nestlé, Les recettes de l'atelier",nestle,Les Recettes de l’Atelier,product_name_recovery_nestle_france_snacks,Nestlé,snacks,France,FRANCE
NESTLE L'ATELIER – Tablette Chocolat lait fondant caramel – 130g,"Nestlé, Les recettes de l'atelier",nestle,Les Recettes de l’Atelier,product_name_recovery_nestle_france_snacks,Nestlé,snacks,France,FRANCE
NESTLE L'ATELIER – Tablette Chocolat lait fondant noisette – 130g,"Nestlé, Les recettes de l'atelier",nestle,Les Recettes de l’Atelier,product_name_recovery_nestle_france_snacks,Nestlé,snacks,France,FRANCE|SOUTHERN_EUROPE
NESTLE L'ATELIER – Tablette Chocolat noir ganache – 130g,"Nestlé, Les recettes de l'atelier",nestle,Les Recettes de l’Atelier,product_name_recovery_nestle_france_snacks,Nestlé,snacks,France,FRANCE|SOUTHERN_EUROPE
NESTLE LES RECETTES DE L'ATELIER - Carrés dégustation Chocolat noir 70% - 210g,"Nestlé, Les recettes de l'atelier, Les recettes de l'atelier les carres",nestle,Les Recettes de l’Atelier,product_name_recovery_nestle_france_snacks,Nestlé,snacks,France,FRANCE
NESTLE LES RECETTES DE L'ATELIER - Carrés dégustation Chocolat noir éclats cacao - 192g,"Nestlé, Les recettes de l'atelier",nestle,Les Recettes de l’Atelier,product_name_recovery_nestle_france_snacks,Nestlé,snacks,France,FRANCE|DACH
"NESTLE LES RECETTES DE L'ATELIER - Lingots Chocolat noir myrtilles amandes noisettes - 152,6g","Nestlé, Les recettes de l'atelier",nestle,Les Recettes de l’Atelier,product_name_recovery_nestle_france_snacks,Nestlé,snacks,France,FRANCE
NESTLE LES RECETTES DE L'ATELIER Juste 3 Ingrédients 90% 80g,"Nestlé, Les recettes de l'atelier",nestle,Les Recettes de l’Atelier,product_name_recovery_nestle_france_snacks,Nestlé,snacks,France,FRANCE
NESTLE LES RECETTES DE L'ATELIER Lait Caramel 115g,"Nestlé, Les recettes de l'atelier",nestle,Les Recettes de l’Atelier,product_name_recovery_nestle_france_snacks,Nestlé,snacks,France,FRANCE
Recette de l'atelier,"Nestlé, Les recettes de l'Atelier",nestle,Les Recettes de l’Atelier,product_name_recovery_nestle_france_snacks,Nestlé,snacks,France,FRANCE
Recettes de l'Atelier N°4 Noir Epicé,"Nestlé, Les recettes de l'Atelier",nestle,Les Recettes de l’Atelier,product_name_recovery_nestle_france_snacks,Nestlé,snacks,France,FRANCE
Recettes de l'atelier - Ganache chocolat & café,Nestlé,nestle,Les Recettes de l’Atelier,product_name_recovery_nestle_france_snacks,Nestlé,snacks,France,FRANCE
les recettes de l atelier,Nestlé,nestle,Les Recettes de l’Atelier,product_name_recovery_nestle_france_snacks,Nestlé,snacks,France,FRANCE
Barre chocolatée lion,Nestlé,nestle,Lion,product_name_recovery_nestle_france_snacks,Nestlé,snacks,France,FRANCE
LION MINI 234g,"Nestlé, Lion minis",nestle,Lion,product_name_recovery_nestle_france_snacks,Nestlé,snacks,France,FRANCE|DACH
LION MINI Barres chocolatées - sachet 350g,"Nestlé, Lion mini",nestle,Lion,product_name_recovery_nestle_france_snacks,Nestlé,snacks,France,FRANCE|SOUTHERN_EUROPE
LION MINI Barres chocolatées - sachet 385g,"Nestlé, Lion mini",nestle,Lion,product_name_recovery_nestle_france_snacks,Nestlé,snacks,France,FRANCE
LION Peanut Barres - 5x41g,"Nestlé, Lion peanut",nestle,Lion,product_name_recovery_nestle_france_snacks,Nestlé,snacks,France,FRANCE
LION White - Barres chocolatées 6x30g,"Nestlé, Lion white",nestle,Lion,product_name_recovery_nestle_france_snacks,Nestlé,snacks,Austria,DACH|FRANCE
Lion,Nestlé,nestle,Lion,product_name_recovery_nestle_france_snacks,Nestlé,snacks,France,FRANCE
Lion,Nestlé,nestle,Lion,product_name_recovery_nestle_france_snacks,Nestlé,snacks,France,FRANCE|UK_IE
Lion,Nestlé,nestle,Lion,product_name_recovery_nestle_france_snacks,Nestlé,snacks,France,FRANCE
Lion - Coconut,Nestlé,nestle,Lion,product_name_recovery_nestle_france_snacks,Nestlé,snacks,France,FRANCE|DACH
Lion 2er,Nestlé,nestle,Lion,product_name_recovery_nestle_france_snacks,Nestlé,snacks,France,FRANCE|DACH
Lion Bar,Nestlé,nestle,Lion,product_name_recovery_nestle_france_snacks,Nestlé,snacks,France,FRANCE
Lion Peanut,Nestlé,nestle,Lion,product_name_recovery_nestle_france_snacks,Nestlé,snacks,France,FRANCE|DACH
Lion Snack Size,Nestlé,nestle,Lion,product_name_recovery_nestle_france_snacks,Nestlé,snacks,Austria,DACH|FRANCE
Lion White - Snack Size,Nestlé,nestle,Lion,product_name_recovery_nestle_france_snacks,Nestlé,snacks,France,FRANCE
Lion White Duo,Nestlé,nestle,Lion,product_name_recovery_nestle_france_snacks,Nestlé,snacks,France,FRANCE|UK_IE
Lion black white,Nestlé,nestle,Lion,product_name_recovery_nestle_france_snacks,Nestlé,snacks,France,FRANCE|DACH
Lion caramel blond,Nestlé,nestle,Lion,product_name_recovery_nestle_france_snacks,Nestlé,snacks,Belgium,BENELUX|FRANCE|DACH
Lion mini (+10% gratuit),Nestlé,nestle,Lion,product_name_recovery_nestle_france_snacks,Nestlé,snacks,France,FRANCE
Lion snack size,Nestlé,nestle,Lion,product_name_recovery_nestle_france_snacks,Nestlé,snacks,France,FRANCE
"Lion, Black White",Nestlé,nestle,Lion,product_name_recovery_nestle_france_snacks,Nestlé,snacks,Austria,DACH|FRANCE
NESTLE LION Getreideriegel Multipack (,Nestlé,nestle,Lion,product_name_recovery_nestle_france_snacks,Nestlé,snacks,France,FRANCE|DACH
Milky Bar,Nestlé,nestle,Milkybar,product_name_recovery_nestle_france_snacks,Nestlé,snacks,France,FRANCE
Milky Bar,Nestle,nestle,Milkybar,product_name_recovery_nestle_uk_ie_snacks,Nestlé,snacks,United Kingdom,UK_IE
Milky Bar Chocolate Egg,Nestle,nestle,Milkybar,product_name_recovery_nestle_uk_ie_snacks,Nestlé,snacks,United Kingdom,UK_IE
Milky bar,Nestlé,nestle,Milkybar,product_name_recovery_nestle_uk_ie_snacks,Nestlé,snacks,United Kingdom,UK_IE
Milkybar,Nestlé,nestle,Milkybar,product_name_recovery_nestle_france_snacks,Nestlé,snacks,France,FRANCE|SOUTHERN_EUROPE
Milkybar,Nestlé,nestle,Milkybar,product_name_recovery_nestle_france_snacks,Nestlé,snacks,France,FRANCE|UK_IE
Milkybar,Nestle,nestle,Milkybar,product_name_recovery_nestle_uk_ie_snacks,Nestlé,snacks,United Kingdom,UK_IE
Milkybar,Nestlé,nestle,Milkybar,product_name_recovery_nestle_uk_ie_snacks,Nestlé,snacks,Ireland,UK_IE
Milkybar Speculoos,Nestlé,nestle,Milkybar,product_name_recovery_nestle_uk_ie_snacks,Nestlé,snacks,United Kingdom,UK_IE
Milkybar galleta,Nestlé,nestle,Milkybar,product_name_recovery_nestle_france_snacks,Nestlé,snacks,France,FRANCE
Milkybar imp,Nestle,nestle,Milkybar,product_name_recovery_nestle_uk_ie_snacks,Nestlé,snacks,United Kingdom,UK_IE
Milkybar white chocolate buttons,Nestle,nestle,Milkybar,product_name_recovery_nestle_uk_ie_snacks,Nestlé,snacks,United Kingdom,UK_IE
Nestle Milkybar Chocolate Crumble,Nestlé,nestle,Milkybar,product_name_recovery_nestle_uk_ie_snacks,Nestlé,snacks,United Kingdom,UK_IE
milky bar gold,Nestlé,nestle,Milkybar,product_name_recovery_nestle_uk_ie_snacks,Nestlé,snacks,United Kingdom,UK_IE
NESQUIK Barres de Céréales 6 x 25g + 6 offertes,"Nestlé, Cereal Partners",nestle,Nesquik,product_name_recovery_nestle_france_snacks,Nestlé,snacks,France,FRANCE
NESTLE NESQUIK Barres de Céréales Crunchy brownie 6x20g,"Nestlé, Nesquik crunchy brownie",nestle,Nesquik,product_name_recovery_nestle_france_snacks,Nestlé,snacks,France,FRANCE
Nesquik,Nestlé,nestle,Nesquik,product_name_recovery_nestle_france_snacks,Nestlé,snacks,France,FRANCE
Nesquik - Chocolat au lait fourré aux crème de lait,Nestlé,nestle,Nesquik,product_name_recovery_nestle_france_snacks,Nestlé,snacks,France,FRANCE|SOUTHERN_EUROPE
"Nesquik Cereal Riegel, Schoko",Nestlé,nestle,Nesquik,product_name_recovery_nestle_france_snacks,Nestlé,snacks,France,FRANCE
Nesquik Chocolate Milk Flavouring,Nestlé,nestle,Nesquik,product_name_recovery_nestle_france_snacks,Nestlé,snacks,Australia,FRANCE
Nesquik Schnitten,Nestlé,nestle,Nesquik,product_name_recovery_nestle_france_snacks,Nestlé,snacks,Austria,DACH|FRANCE|SOUTHERN_EUROPE|UK_IE
Nesquik Snack Kakao,Nestlé,nestle,Nesquik,product_name_recovery_nestle_france_snacks,Nestlé,snacks,France,FRANCE|DACH
Nesquik wafer,Nestlé,nestle,Nesquik,product_name_recovery_nestle_france_snacks,Nestlé,snacks,Belgium,BENELUX|FRANCE
Nestlé Nesquik Snack Cacao kakao,Nestlé,nestle,Nesquik,product_name_recovery_nestle_france_snacks,Nestlé,snacks,France,FRANCE|DACH|SOUTHERN_EUROPE
NESTLE DESSERT Barres noir 32g,"Nestlé, Dessert",nestle,Nestlé Dessert,product_name_recovery_nestle_france_snacks,Nestlé,snacks,France,FRANCE
NESTLE DESSERT Blanc 2x170g,"Nestlé, Dessert",nestle,Nestlé Dessert,product_name_recovery_nestle_france_snacks,Nestlé,snacks,France,FRANCE
NESTLE DESSERT Lait,Nestlé,nestle,Nestlé Dessert,product_name_recovery_nestle_france_snacks,Nestlé,snacks,Canada,US_CANADA|FRANCE
NESTLE DESSERT Préparation pour Muffins Pepites Chocolat 279g,"Nestlé, Dessert",nestle,Nestlé Dessert,product_name_recovery_nestle_france_snacks,Nestlé,snacks,France,FRANCE
NESTLÉ DESSERT 70% Absolu 3x170g,Nestlé,nestle,Nestlé Dessert,product_name_recovery_nestle_france_snacks,Nestlé,snacks,France,FRANCE
NESTLÉ DESSERT 80% Puissant 170g,Nestlé,nestle,Nestlé Dessert,product_name_recovery_nestle_france_snacks,Nestlé,snacks,France,FRANCE
NESTLÉ DESSERT Blanc 170g,"Nestlé, Dessert",nestle,Nestlé Dessert,product_name_recovery_nestle_france_snacks,Nestlé,snacks,France,FRANCE
NESTLÉ DESSERT Chocolat Noir Éclats de Noisettes 170g,"Nestlé, Dessert",nestle,Nestlé Dessert,product_name_recovery_nestle_france_snacks,Nestlé,snacks,France,FRANCE
NESTLÉ DESSERT Noir 2x205g,Nestlé,nestle,Nestlé Dessert,product_name_recovery_nestle_france_snacks,Nestlé,snacks,Canada,US_CANADA|FRANCE|DACH
NESTLÉ DESSERT Noir Doux 170g,"Nestlé, Dessert",nestle,Nestlé Dessert,product_name_recovery_nestle_france_snacks,Nestlé,snacks,France,FRANCE
NESTLÉ DESSERT Praliné 170g,Nestlé,nestle,Nestlé Dessert,product_name_recovery_nestle_france_snacks,Nestlé,snacks,France,FRANCE
Rolo,Nestlé,nestle,Rolo,product_name_recovery_nestle_france_snacks,Nestlé,snacks,Canada,US_CANADA|FRANCE
Bonbons smarties de chocolat au lait dragéïfiés,Nestlé,nestle,Smarties,product_name_recovery_nestle_france_snacks,Nestlé,snacks,France,FRANCE|DACH
Chocolat Smarties,Nestlé,nestle,Smarties,product_name_recovery_nestle_france_snacks,Nestlé,snacks,France,FRANCE|DACH
Lapins Smarties,Nestlé,nestle,Smarties,product_name_recovery_nestle_france_snacks,Nestlé,snacks,France,FRANCE
Milk chocolate egg containing SMARTIES,Nestle,nestle,Smarties,product_name_recovery_nestle_uk_ie_snacks,Nestlé,snacks,United Kingdom,UK_IE
Oeuf géant smarties,Nestlé,nestle,Smarties,product_name_recovery_nestle_france_snacks,Nestlé,snacks,France,FRANCE
SMARTIES Mini bonbons chocolatés Sachet,"Nestlé, Smarties mini",nestle,Smarties,product_name_recovery_nestle_france_snacks,Nestlé,snacks,France,FRANCE
SMARTIES WHITE CHOCOLATE Hexatube 34g,"Nestlé, Smarties white chocolate",nestle,Smarties,product_name_recovery_nestle_france_snacks,Nestlé,snacks,France,FRANCE
Smarties,Nestlé,nestle,Smarties,product_name_recovery_nestle_us_canada_snacks,Nestlé,snacks,United States,US_CANADA
Smarties,Nestlé,nestle,Smarties,product_name_recovery_nestle_france_snacks,Nestlé,snacks,France,FRANCE|UK_IE
Smarties,Nestlé,nestle,Smarties,product_name_recovery_nestle_france_snacks,Nestlé,snacks,Belgium,BENELUX|FRANCE
Smarties,Nestlé,nestle,Smarties,product_name_recovery_nestle_uk_ie_snacks,Nestlé,snacks,United Kingdom,UK_IE
Smarties Buttons,Nestlé,nestle,Smarties,product_name_recovery_nestle_uk_ie_snacks,Nestlé,snacks,United Kingdom,UK_IE
Smarties Easter Bunny,Nestle,nestle,Smarties,product_name_recovery_nestle_uk_ie_snacks,Nestlé,snacks,Australia,UK_IE
Smarties Family Pack,Nestlé,nestle,Smarties,product_name_recovery_nestle_france_snacks,Nestlé,snacks,France,FRANCE|DACH
Smarties Mini,Nestlé,nestle,Smarties,product_name_recovery_nestle_france_snacks,Nestlé,snacks,France,FRANCE|DACH
Smarties Mini Tablettes,Nestlé,nestle,Smarties,product_name_recovery_nestle_france_snacks,Nestlé,snacks,France,FRANCE
Smarties pop up choco,Nestlé,nestle,Smarties,product_name_recovery_nestle_france_snacks,Nestlé,snacks,France,FRANCE
White chocolate smarties,Nestlé,nestle,Smarties,product_name_recovery_nestle_uk_ie_snacks,Nestlé,snacks,United Kingdom,UK_IE
White chocolate smarties,Nestle,nestle,Smarties,product_name_recovery_nestle_uk_ie_snacks,Nestlé,snacks,United Kingdom,UK_IE
Œufs de Pâques Smarties,Nestlé,nestle,Smarties,product_name_recovery_nestle_france_snacks,Nestlé,snacks,France,FRANCE
YORKIE DUO RAISIN & BISCUIT,Nestle,nestle,Yorkie,product_name_recovery_nestle_uk_ie_snacks,Nestlé,snacks,Ireland,UK_IE
Yorkie Biscuit & Brownie Duo,Nestlé,nestle,Yorkie,product_name_recovery_nestle_uk_ie_snacks,Nestlé,snacks,Ireland,UK_IE
Yorkie Honeycomb,Nestlé,nestle,Yorkie,product_name_recovery_nestle_uk_ie_snacks,Nestlé,snacks,United Kingdom,UK_IE
Yorkie Original,Nestlé,nestle,Yorkie,product_name_recovery_nestle_uk_ie_snacks,Nestlé,snacks,Ireland,UK_IE
Yorkie Original Duo,Nestlé,nestle,Yorkie,product_name_recovery_nestle_uk_ie_snacks,Nestlé,snacks,United Kingdom,UK_IE
Yorkie orange,Nestlé,nestle,Yorkie,product_name_recovery_nestle_uk_ie_snacks,Nestlé,snacks,United Kingdom,UK_IE
