region,beverage_view_segment,record_count,product_examples
BENELUX|DACH|UK_IE,beverage_preparations_and_alcohol,2,Captain Morgan Tiki - Mango & Pineapple Flavour | Cinzano Bianco
BENELUX|DACH|UK_IE,ready_to_drink_beverages,3,"Volvic Nature 6x150cl PET | Alpro Sojadrink, Schokoladen-Geschmack 3x250ml | Aquarius water zinc - lemon"
BENELUX|FRANCE,beverage_preparations_and_alcohol,461,Thé vert au Jasmin Twinings | Thé de CEYLAN | Fruit Tea Sampler Infusion | Lait de coco | Pomegranate green tea | Pomegranate green tea | Goose IPA | Capsules café arabica espresso kenya | Côtes du Rhône Villages | Ginger beer
BENELUX|FRANCE,ready_to_drink_beverages,900,Cranberry classic | Cranberry 0% sucres ajoutés | Cranberry | Limonade Japonaise Ramune Goût Framboise | Iced tea lemon flavor | Half Iced Tea & Half Lemonade | Green Tea zero | 50CL COCKTAIL FRUIT ARIZONA | Strawberry Lemonade with Fruit Juice & Honey | Organic Kombucha Passion fruit & Lemon
BENELUX|FRANCE,unknown_beverage_segment,63,Tropical 6 Flesjes x 50 CL (nono) | Rocheval | Soupe instantanee citrouille | Pear | White Belllini tè bianco aromatizzato alla pesca e albicocca | Tonissteiner zitrone fit | Tönissteiner Zitrone Fit | Tonissteiner orange fit | Früchtekorb fit | Lemon fresh
BENELUX|FRANCE|DACH,beverage_preparations_and_alcohol,106,Original Earl Grey | Lady grey Goût russe | thé vert au citron | Original Green tea with honey | Cappuccino Caramel | Jus de Tomate au Sel Marin ou Jus de Carotte au Miel | coconut milk | Grand Marnier | GET 27 | Noilly Prat
BENELUX|FRANCE|DACH,ready_to_drink_beverages,130,Canard à l’orange | Arizona Mucho Mango | Tropicana orange without pulp | Fruitesse on the rocks | Solevita Orangensaft | Almond drink | Multivitamin aus 11 Früchten und Karotte | Orangensaft XXL | Saft - Tomatensaft mit Meersalz | Eau pétillante
BENELUX|FRANCE|DACH,unknown_beverage_segment,19,Orange | Orange | Jungle/Safari | Safari fruits | Mildes-Frühstück Orange | Multi Mix gelb | Apfel & Beeren Direktsaft | Orange | Oasis Pocket Cassis Framboise | Gingko groene thee
BENELUX|FRANCE|DACH|NORDICS,ready_to_drink_beverages,2,Orange juice | Alpro Biologischer Sojadrink 1L
BENELUX|FRANCE|DACH|NORDICS,unknown_beverage_segment,1,"Alpro Kokosproduckt zum Kochen, Cuisine 250ml"
BENELUX|FRANCE|DACH|NORDICS|SOUTHERN_EUROPE,ready_to_drink_beverages,1,Bleue
BENELUX|FRANCE|DACH|SOUTHERN_EUROPE,beverage_preparations_and_alcohol,21,NESQUIK Cacao | Johnnie Walker Red Scotch whisky | Kentucky Straight Bourbon Whiskey | Thé vert aronia et myrtille | Abbeye be Leffe Blond Beer | Leffe Blonde 🍺 | Biere | Trappist tripel | Tea forest fruit | Brugal Añejo Rhum 38º
BENELUX|FRANCE|DACH|SOUTHERN_EUROPE,ready_to_drink_beverages,16,"Ricard | Tasty Chocolate Food in A Bottle | Coca-Cola zéro | Blonde dorée | Dubbel | soya Vanille | SOYA melk pakje 240 ml | Alpro Mandeldrink Weiß Ungesüßt, Ungeröstet 1 LT | Trappistes Rochefort 8 | Cocacola zero sugar"
BENELUX|FRANCE|DACH|SOUTHERN_EUROPE,unknown_beverage_segment,3,Fruitesse on the rocks
BENELUX|FRANCE|DACH|SOUTHERN_EUROPE|NORDICS,ready_to_drink_beverages,1,Coca-Cola Zero
BENELUX|FRANCE|DACH|SOUTHERN_EUROPE|NORDICS|UK_IE,ready_to_drink_beverages,1,"Alpro Mandeldrink, Original 1L"
BENELUX|FRANCE|DACH|SOUTHERN_EUROPE|UK_IE,beverage_preparations_and_alcohol,4,"Desperados | Bee Zen Pêche & Miel | Crema e Gusto Classico | Illy Classico 100% Arabica, 250g"
BENELUX|FRANCE|DACH|SOUTHERN_EUROPE|UK_IE,ready_to_drink_beverages,5,Organic Ginger Turmeric Shot | Kriek original | Coca-Cola goût original | Aloe Lemon | Cocacola mini zero sugar
BENELUX|FRANCE|DACH|SOUTHERN_EUROPE|UK_IE,unknown_beverage_segment,3,Succo di limone | Shot de gingembre bio | Coco Sans Sucres
BENELUX|FRANCE|DACH|SOUTHERN_EUROPE|UK_IE|US_CANADA,ready_to_drink_beverages,1,Coke Zero
BENELUX|FRANCE|DACH|SOUTHERN_EUROPE|UK_IE|US_CANADA,unknown_beverage_segment,1,isabelle
BENELUX|FRANCE|DACH|UK_IE,beverage_preparations_and_alcohol,9,Angostura - aromatic bitters | Apfelsaft aus Apfelsaftkonzentrat | Водка «Русский стандарт» | Blended Scotch Whisky | Ardbeg Ten Years Old | Jack Daniel's Whiskey | Caffè Karamel Soya | Absolut Vodka | Caykur Gray Tea
BENELUX|FRANCE|DACH|UK_IE,ready_to_drink_beverages,16,"Eau Volvic | Evian 500ml | Eau Evian - 1L | Evian | BjORG AMANDE ALMOND SANS SUCRE- NO SUGAR | CRISTALINE Eau De Source 0.5L | Pepsi Max | MEDITERRANEAN TONIC WATER | Alpro Sojadrink Original fresh mit Calcium, 1 L, 11 | Sprite 330 ml"
BENELUX|FRANCE|DACH|UK_IE,unknown_beverage_segment,3,Карамельный сироп | Capirosso - Toscana
BENELUX|FRANCE|DACH|UK_IE|US_CANADA,ready_to_drink_beverages,1,Coconut Water
BENELUX|FRANCE|DACH|US_CANADA,beverage_preparations_and_alcohol,1,Orval Trappist
BENELUX|FRANCE|NORDICS,ready_to_drink_beverages,2,Kombucha D-tox | Capri-Sun Summer Berries
BENELUX|FRANCE|NORDICS,unknown_beverage_segment,1,Orange Icon
BENELUX|FRANCE|NORDICS|DACH,ready_to_drink_beverages,1,Fanta Orange sans sucres
BENELUX|FRANCE|NORDICS|SOUTHERN_EUROPE,unknown_beverage_segment,1,4000177158210
BENELUX|FRANCE|SOUTHERN_EUROPE,beverage_preparations_and_alcohol,30,Angostura | Zumo de Manzana | Té verde | Ristretto Espresso | Forte lungo | Poudre cacaotée 32 % de cacao maigre | Intenso | Jus d'orange à base de concentré | Espresso | Saveur grenadine
BENELUX|FRANCE|SOUTHERN_EUROPE,ready_to_drink_beverages,48,Eau pure life | Proteindrink | Iced tea saveur pêche | CRISTALINE Eau De Source 1L | Fresh Tonic Soda avec sucre et édulcolorants | Orange sans pulpe | Jus de pomme | 100% pur jus tomate | 100% pur jus jus d'orange avec pulpe | Amande Sans sucres
BENELUX|FRANCE|SOUTHERN_EUROPE,unknown_beverage_segment,4,BIO GINGER MANGO-LIME SHOT | Organic Sparkling Elderflower | COCO & ALMOND | Soya Red Fruits
BENELUX|FRANCE|SOUTHERN_EUROPE|DACH,beverage_preparations_and_alcohol,4,"Chicorée & Café, RICORÉ® L'Original, Boîte de 100g | Capsules Dolce Gusto lungo 16 Capsules | Ovomaltine | Estathé Pesca"
BENELUX|FRANCE|SOUTHERN_EUROPE|DACH,ready_to_drink_beverages,8,Perrier | Multivitamin Capri-Sun | coca cola zero | Gazpacho | Coca-Cola Zero zuccheri Zero caffeina | S. Pellegrino Water | Bebida de almendras natural | Алое Вера с вкус на ягода
BENELUX|FRANCE|SOUTHERN_EUROPE|DACH,unknown_beverage_segment,6,Almendra de Leyenda Mango-Maracuyá AdeS | Yell'oh | Azeitonas verdes | Thè alla Pesca | Coconut nature
BENELUX|FRANCE|SOUTHERN_EUROPE|NORDICS,ready_to_drink_beverages,1,CocaCola Energy
BENELUX|FRANCE|SOUTHERN_EUROPE|UK_IE,beverage_preparations_and_alcohol,2,Bière blanche | Cuvée du Chateau 2012
BENELUX|FRANCE|SOUTHERN_EUROPE|UK_IE,ready_to_drink_beverages,6,Goose 312 | Cubanisto | Gauloise ambrée | Fanta Limón | Fanta zero sugar | Appletiser
BENELUX|FRANCE|UK_IE,beverage_preparations_and_alcohol,10,British cider | Thé Earl Grey Empress | Sirop Grenadine Zéro | Sailor Jerry Spiced Carribean Rum | APPLE + ELDERFLOWER | Boost Berry Rooibos Tea + Ginseng | Detox mandatin orange green tea plus vitamins | Cawston Press Ginger Beer | Cappucino Chocolate | Coconut Milk
BENELUX|FRANCE|UK_IE,ready_to_drink_beverages,15,Coconut water | Natural Coconut Water with Pineapple | Cola light | Orange juice from concentrate | CRISTALINE Eau de Source au jus de fruits CITRONNADE 50cl | Capri-sun orange | Limonade au jus de citron pressé bio | Apple and Ginger Juice | Rhubarb | Blonde
BENELUX|FRANCE|UK_IE,unknown_beverage_segment,4,spiced tomato mix | Immunitea Vit hit Immunitea Dragon Fruit + Yuzu | Pomegranate | Sparkling Apple Presse
BENELUX|FRANCE|UK_IE|DACH,ready_to_drink_beverages,1,Volvic Nature 150cl PET
BENELUX|FRANCE|UK_IE|NORDICS|SOUTHERN_EUROPE,ready_to_drink_beverages,1,"Coca-Cola Energy, No Sugar"
BENELUX|FRANCE|US_CANADA,beverage_preparations_and_alcohol,2,"Le Fruit - Orange sans pulpe | Distilled non-alcoholic spirits, citrus"
BENELUX|FRANCE|US_CANADA,ready_to_drink_beverages,2,Coconut Water With Pineapple | Lipton Ice Tea saveur pêche zéro sucres
BENELUX|NORDICS|DACH|UK_IE,beverage_preparations_and_alcohol,1,Coconut milk
BENELUX|NORDICS|FRANCE,beverage_preparations_and_alcohol,1,Barista
BENELUX|NORDICS|FRANCE,ready_to_drink_beverages,2,Fanta Orange | Banana soya
BENELUX|NORDICS|FRANCE|DACH,beverage_preparations_and_alcohol,3,London Dry Gin | Виски ирландский купажированный Джемесон | Capsules NESCAFE DOLCE GUSTO Cappuccino 16 Capsules
BENELUX|NORDICS|FRANCE|DACH,ready_to_drink_beverages,3,"Grant's - Family Reserve | Añejo 7 Años | Passionsfruchtsaft, Passionsfrucht"
BENELUX|NORDICS|FRANCE|DACH,unknown_beverage_segment,1,Dorée
BENELUX|NORDICS|FRANCE|DACH|SOUTHERN_EUROPE|UK_IE,beverage_preparations_and_alcohol,1,Freeze Dried Instant Coffee
BENELUX|NORDICS|FRANCE|DACH|SOUTHERN_EUROPE|UK_IE,ready_to_drink_beverages,4,Coke Original Taste | Blanche | Coca-Cola | Boisson Amande Calcium
BENELUX|NORDICS|FRANCE|DACH|SOUTHERN_EUROPE|UK_IE,unknown_beverage_segment,2,Rich and indulgent Hazelnut | corona extra
BENELUX|NORDICS|FRANCE|DACH|UK_IE,beverage_preparations_and_alcohol,2,Cointreau | Vodka triple distilled
BENELUX|NORDICS|FRANCE|DACH|UK_IE|SOUTHERN_EUROPE,beverage_preparations_and_alcohol,1,The Original Irish Cream
BENELUX|NORDICS|FRANCE|DACH|UK_IE|SOUTHERN_EUROPE,ready_to_drink_beverages,1,"Alpro Sojadrink, Schokoladen-Geschmack, Protein 1L"
BENELUX|NORDICS|FRANCE|SOUTHERN_EUROPE,ready_to_drink_beverages,1,Suklaanmakuinen soijajuoma
BENELUX|NORDICS|FRANCE|SOUTHERN_EUROPE|DACH,beverage_preparations_and_alcohol,1,Earl Grey
BENELUX|NORDICS|UK_IE,beverage_preparations_and_alcohol,2,Green tea | Rooibos original
BENELUX|NORDICS|UK_IE,ready_to_drink_beverages,1,Coca cola Dreamworld
BENELUX|SOUTHERN_EUROPE|UK_IE,beverage_preparations_and_alcohol,1,succo di mela
BENELUX|SOUTHERN_EUROPE|UK_IE,ready_to_drink_beverages,1,Lait d'amande
BENELUX|UK_IE,beverage_preparations_and_alcohol,11,Green tea | Patronus Weissbier | Black tea peach hibiscus | Ginger Beer No Added Sugar 2 Litres | Bushmills Irish Whiskey | ruby gaba tea | Bushmills Original Irish Whiskey (40%) | Healthy Energy Apple Raspberry | Lungo 05 café Capsules | Mikeller Taipa West Coast Pale Ale
BENELUX|UK_IE,ready_to_drink_beverages,21,"Still Scottish Mountain Water | Organic soya-based natural drink, UHT | Sok 100% tłoczony na zimno Ananas Melon Mango | Apple, Mango, Spinach & Avocado Smoothie | Orange | Irresistible Sparkling Apple & Raspberry with a hint of Rose Pressé | Raspberry & blackcurrant | Organic Cola | organic elderflower | Smoothie orange, mangue, ananas"
BENELUX|UK_IE,unknown_beverage_segment,9,"Ginger Shot | wild pacific red salmon | The hydrater | Blood orange, pomegranate, orange and lime | ROMY | Stella ZERO | Corona cero | Gut health | Gembersmaak siroop"
BENELUX|UK_IE|SOUTHERN_EUROPE,ready_to_drink_beverages,1,
BENELUX|US_CANADA,beverage_preparations_and_alcohol,3,"Juicy Rickey Sparkling, Cherry - Lime | Calem Rose Porto | jus ceres pomme 1L pqt"
BENELUX|US_CANADA,ready_to_drink_beverages,4,Aloe vera drink with honey | Cream soda | Vanilla organic almond milk with cashew | Cherry
BENELUX|US_CANADA,unknown_beverage_segment,2,"Mocha latte coffee beverage, mocha latte | Bavik Super Pils"
BENELUX|US_CANADA|FRANCE,beverage_preparations_and_alcohol,1,Bière belge artisanale
BENELUX|US_CANADA|FRANCE,unknown_beverage_segment,1,DE MONTAGNE (THE MOUNTAIN)
BENELUX|US_CANADA|FRANCE|SOUTHERN_EUROPE,beverage_preparations_and_alcohol,1,Bière blanche
BENELUX|US_CANADA|FRANCE|UK_IE,beverage_preparations_and_alcohol,1,Thé noir aux pétales de rose
DACH|BENELUX|FRANCE,beverage_preparations_and_alcohol,9,"Infusion au citron et au gingembre et aux herbes | Pomegranate green tea | Blueberry white tea | Jim Beam - Kentucky Straight Bourbon Whiskey | Caffè latte macchiato don't just watch the game be part of it! | Caffè Latte Expresso | Caffè Latte caramel | NESCAFÉ 3en1, Café soluble au lait sucré, Boîte de 10 sticks de 16,5g | Classico cialde pe caffè espresso"
DACH|BENELUX|FRANCE,ready_to_drink_beverages,6,PET 50CL PEACH TEA ARIZONA | Arziona Watermelon | Carrefour Bio Gingembre Curcuma & Citron Shot | Fanta orange | Coca light 1.5l | Almdudler original
DACH|BENELUX|FRANCE,unknown_beverage_segment,3,Originale tè verde con miele | Original
DACH|BENELUX|FRANCE|NORDICS,ready_to_drink_beverages,2,Soyamilch | Fanta orange 1.5l
DACH|BENELUX|FRANCE|SOUTHERN_EUROPE,beverage_preparations_and_alcohol,2,Sangria | Emmi Caffè Latte Balance
DACH|BENELUX|FRANCE|SOUTHERN_EUROPE,ready_to_drink_beverages,3,Freez Citron Gingembre | Coca-Cola Light | Zero Sugar
DACH|BENELUX|FRANCE|SOUTHERN_EUROPE|NORDICS,ready_to_drink_beverages,1,Coca-Cola Zero
DACH|BENELUX|FRANCE|SOUTHERN_EUROPE|NORDICS|UK_IE,unknown_beverage_segment,1,Alpro tempting and tropical coco low fat
DACH|BENELUX|FRANCE|SOUTHERN_EUROPE|NORDICS|UK_IE|US_CANADA,ready_to_drink_beverages,2,Coca Cola Original taste | Cocacola original 500
DACH|BENELUX|FRANCE|SOUTHERN_EUROPE|UK_IE,ready_to_drink_beverages,5,"Fanta 0,5 | Coca-Cola Zero Azúcar | Coca-Cola Zero 500ml черная крышка | Original Taste"
DACH|BENELUX|FRANCE|UK_IE,ready_to_drink_beverages,1,Lait de riz et coco
DACH|BENELUX|FRANCE|UK_IE|SOUTHERN_EUROPE,ready_to_drink_beverages,1,Red bull sugar free
DACH|BENELUX|NORDICS|FRANCE,beverage_preparations_and_alcohol,1,Ballantine's Finest
DACH|BENELUX|NORDICS|FRANCE,ready_to_drink_beverages,2,Club-Mate Original | Coconut water
DACH|BENELUX|NORDICS|FRANCE|SOUTHERN_EUROPE,unknown_beverage_segment,1,
DACH|BENELUX|NORDICS|FRANCE|SOUTHERN_EUROPE|UK_IE,ready_to_drink_beverages,1,"Alpro Sojadrink, Schokoladen-Geschmack 250ml"
DACH|BENELUX|NORDICS|FRANCE|UK_IE|SOUTHERN_EUROPE,unknown_beverage_segment,2,Kirsche | Geröstete Mandel Ohne Zucker
DACH|BENELUX|SOUTHERN_EUROPE|UK_IE,beverage_preparations_and_alcohol,1,Salitos Bier mit Tequilageschmack
DACH|BENELUX|SOUTHERN_EUROPE|UK_IE,unknown_beverage_segment,1,Qualità Oro
DACH|BENELUX|UK_IE,unknown_beverage_segment,1,
DACH|BENELUX|US_CANADA,beverage_preparations_and_alcohol,1,
DACH|BENELUX|US_CANADA,ready_to_drink_beverages,1,water bruisend
DACH|BENELUX|US_CANADA|FRANCE|SOUTHERN_EUROPE|UK_IE,ready_to_drink_beverages,1,Coke Original Taste
DACH|BENELUX|US_CANADA|NORDICS|FRANCE|UK_IE|SOUTHERN_EUROPE,ready_to_drink_beverages,1,Tiqle sticks boisson goût fraise
DACH|FRANCE,beverage_preparations_and_alcohol,62,Teebeutel | Much mango | Green tea with honey and plum | Organic tulsi original tea | TULSI GREEN TEA CLASSIC ORGANIC INDIA | Tulsi green tea ashwagandha tea from india | Thé vert cornwall | Veuve Clicquot Champagne Ponsardin Brut | Veuve Clicquot Champagne Ponsardin Brut | Sirop De Fraise
DACH|FRANCE,ready_to_drink_beverages,67,Arizona Green Tea with HONEY and PEACH | Apfelsaft aus Apfelsaftkonzentrat | Jus de pomme Bio naturellement | Boisson au riz bio | Traubensaft | Jus d'orange avec pulpe | Jus d'orange bio | Bio-Saft Karotte | Chateau Balac | Schweppes Ginger ale
DACH|FRANCE,unknown_beverage_segment,57,Orange | Orange | schweres | Rialto Süsser Rotwein | Weißbierradler | Der Feine | Dauerwurst Arlberger | Kokosmilch | Caramel sauce | This is food
DACH|FRANCE|BENELUX,unknown_beverage_segment,1,Caotina original
DACH|FRANCE|BENELUX|SOUTHERN_EUROPE|UK_IE,beverage_preparations_and_alcohol,1,Backkakao
DACH|FRANCE|BENELUX|UK_IE,beverage_preparations_and_alcohol,1,Bière blonde
DACH|FRANCE|SOUTHERN_EUROPE,beverage_preparations_and_alcohol,3,Coconut Milk kókusz tej | Irish craft IPA | Heineken 0.0 (alkoholfrei)
DACH|FRANCE|SOUTHERN_EUROPE,ready_to_drink_beverages,1,Red Bull
DACH|FRANCE|SOUTHERN_EUROPE,unknown_beverage_segment,3,Fresh orange | Amaro svedese | Latella Mango
DACH|FRANCE|SOUTHERN_EUROPE|BENELUX|UK_IE,unknown_beverage_segment,1,Bio pomerančový džus
DACH|FRANCE|SOUTHERN_EUROPE|UK_IE,ready_to_drink_beverages,1,"coca cola 1,75"
DACH|FRANCE|SOUTHERN_EUROPE|US_CANADA,ready_to_drink_beverages,1,Sparkling artesian water 2yrs prod
DACH|FRANCE|UK_IE,beverage_preparations_and_alcohol,1,Nespresso Roma
DACH|FRANCE|UK_IE,unknown_beverage_segment,2,Розовый Джин Premium Pin
DACH|FRANCE|US_CANADA,ready_to_drink_beverages,1,Lemon Soda
DACH|NORDICS|FRANCE|SOUTHERN_EUROPE|UK_IE,beverage_preparations_and_alcohol,1,L'OR Latte Macchiato Caramel Coffee Pods 8 Servings
DACH|NORDICS|FRANCE|UK_IE,beverage_preparations_and_alcohol,1,Gin Bombay
DACH|NORDICS|SOUTHERN_EUROPE|BENELUX|UK_IE,unknown_beverage_segment,1,Michelberger's Fountain of Youth
DACH|NORDICS|UK_IE,ready_to_drink_beverages,1,Monster Energy Juiced Aussie Lemonade Style
DACH|NORDICS|US_CANADA,ready_to_drink_beverages,1,Pepsi Max Lemon
DACH|NORDICS|US_CANADA,unknown_beverage_segment,1,Sirup Schwip Schwap Zero
DACH|SOUTHERN_EUROPE|UK_IE,beverage_preparations_and_alcohol,3,Processco | Dolce Gusto caffè grande intenso | CAFÉ AU LAIT DECAFFEINATO
DACH|SOUTHERN_EUROPE|UK_IE,ready_to_drink_beverages,2,"Alpro® Barista Mandeldrink, 1 L, UHT | Fanta Madness 2 l"
DACH|SOUTHERN_EUROPE|UK_IE,unknown_beverage_segment,3,Lindahls pro+ | Tujdinrnnr | Vanilla Turmeric Latte
DACH|SOUTHERN_EUROPE|UK_IE|US_CANADA,ready_to_drink_beverages,1,"Wódka Stock Prestige 0, 5L."
DACH|SOUTHERN_EUROPE|US_CANADA,beverage_preparations_and_alcohol,1,"Aroy-D, Coconut Milk"
DACH|UK_IE,beverage_preparations_and_alcohol,62,Spiced Chai Latte | Barefoot Merlot California | Echinacea & hibiscus infusion | kids cold infuse blackcurrant and apple | Red Wine | Yorkshire Tea | Organic ginger peach tea imp | Vanilla Chai | chenin blanc | DE: Marzipanei Ananasfüllung / EN: Turmeric Teabags
DACH|UK_IE,ready_to_drink_beverages,39,Twinings cold infuse for water bottles | Immune Edition - Lemon & Elderflower | Saskia mineralwasser classic | Tomatensaft | Kong Strong Wild Power Energy Drink Sugar Free | Zero Sugar Cola | Colossus energy drink | Orange Juice Premium | Bio Mandel | Latte soia vaniglia - Vemondo
DACH|UK_IE,unknown_beverage_segment,44,Stuffed Mushrooms | Fassbrause Zitrone | Hibiscus&Lychee | Cult | Serpiente | Ghost In The Shell | Erdnussflips | zinfadel rose | Alkoholfrei | Wasser naturell
DACH|UK_IE|US_CANADA,ready_to_drink_beverages,1,Sicilian Lemon & Lime
DACH|UK_IE|US_CANADA,unknown_beverage_segment,1,Coco Lopez
DACH|US_CANADA,beverage_preparations_and_alcohol,143,"Coconut Milk | Coffee - Instant cajas | Schwarze Oliven | Original Non-Alcoholic Beer | Sharkleberry fin kool aid powdered drink mix | Coffee - Ground | Kool aid pink lemonade drink mix | Bier | Hot cocoa mix marshmallow, hot cocoa | Green Tea - Tagged Bags"
DACH|US_CANADA,ready_to_drink_beverages,73,Mountain dew code red | Tomato Cocktail from Concentrate | 100% Premium Orange Juice from Concentrate | Simply Lemonade with Strawberry | Mango Nectar | Pineapple 100% Juice | Pineapple 100% Juice | kool-aid | Golden Kola | Diet Coke
DACH|US_CANADA,unknown_beverage_segment,224,Plus | Men Hair Growth Nutraceutical | zhxjpe | medytu | Kool-Aid | passion frugt mix | Bio Oat Base | Inferno | Kahlúa | mineragua
FRANCE,beverage_preparations_and_alcohol,25902,Thé blanc de la Reunion | Leffe | Cidre doux de Normandie. | Vieille Vigne | capsule de cafe bio | vin rouge | Cidre Bio Demi-Sec | Thé vert Matcha du Japon | Poudre de lait de coco | Rooibos de Noel
FRANCE,ready_to_drink_beverages,28049,Nectar de cerise | Coca cola | Pur jus de pomme | CREMA CALABACÍN | jus de pomme pétillant | ICE TEA | pur jus de pommes | Jus de pomme bio de Normandie | Jus de pomme | Oreillettes
FRANCE,unknown_beverage_segment,2581,Multi-fibres | Kentish | Vanilla Zero | Cherry Vanilla | Vegan Honey Mustard Dressing | Gentiane | reveil fruite | Зелен чай | LONDON nights | Substitut De Café (mélange Corsé)
FRANCE|BENELUX,beverage_preparations_and_alcohol,85,"Tea tasty tropical | Rooibos green lemon pineapple | Rooibos kokos cacao | Jus de Pomme à base de concentré | Décaféiné capsules souples | Sirop Fleur De Sureau | Vin cabernet sauvignon | Senseo Classique 36 dosettes | ANIS VERT graines ""COOK"" 40g* | Jus 100% multi fruits"
FRANCE|BENELUX,ready_to_drink_beverages,82,"Boisson à la pomme, sucrée, aromatisée. | Sirop iced tea lemon | Jus orange Carotte | Jus Pommes Pêches | Tropicana 100% oranges pressées avec pulpe format familial 1,5 L | Orange sans pulpe | Pur Jus d'ananas | Nectar poire Williams | Kelly loves Ramune orignal | 100% jus de carotte pomme gingembre"
FRANCE|BENELUX,unknown_beverage_segment,53,"Ananas Meloen | Succo tropicale | Tasty tropical | Tropical fruit | Orange ginger with basil | Aqua+sport, Limette & Grapefruit | Lady Boba | The CLEAN GREEN | Thee Mint Refresh | Roasted Almond"
FRANCE|BENELUX|DACH,beverage_preparations_and_alcohol,3,Irish Lager | Nespresso Vivalto Lungo | Fortissio Lungo
FRANCE|BENELUX|DACH,ready_to_drink_beverages,4,Evian+ Grapefruit & Basil 33cl ALU | Ganic vitamin water | Fast hydratation orange | Instant Ginger Drink x (180g)
FRANCE|BENELUX|SOUTHERN_EUROPE,beverage_preparations_and_alcohol,2,Vodka paradize eden
FRANCE|BENELUX|SOUTHERN_EUROPE,ready_to_drink_beverages,5,Iso peach | Organic Sparkling Cola | Organic Sparkling Cranberry | Organic sparkling orange & lemon | Aloe natural
FRANCE|BENELUX|SOUTHERN_EUROPE,unknown_beverage_segment,3,Alpro Barista Almond | Vruchtenmix | Matcha Latte
FRANCE|BENELUX|SOUTHERN_EUROPE|DACH,beverage_preparations_and_alcohol,1,Chicorée Café
FRANCE|BENELUX|SOUTHERN_EUROPE|DACH,ready_to_drink_beverages,1,Sumol orange
FRANCE|BENELUX|SOUTHERN_EUROPE|UK_IE,beverage_preparations_and_alcohol,1,Rooibos - biologique
FRANCE|BENELUX|UK_IE,beverage_preparations_and_alcohol,2,Farmhouse cider with raspberry | Coconut Milk
FRANCE|BENELUX|UK_IE,ready_to_drink_beverages,1,Organic Sparkling Ginger
FRANCE|BENELUX|US_CANADA,ready_to_drink_beverages,3,Chin chin | Ciel | Ain Saiss Eau Minerale Naturelle
FRANCE|DACH,beverage_preparations_and_alcohol,1354,Tisane nerf - sommeil | Crystal head Vodka | Urucum en poudre | Limoncino Bottega | Coconut Cream | Ahmad Tea Special Blend 100 Tea Bags 200G | Tee- Cardamom Tea | bière 2 | Plantes à infusion Bonne nuit | Of London Camomile Honey & Vanilla
FRANCE|DACH,ready_to_drink_beverages,1583,Vegan plus sostituto del pasto | 30 Panach' Fruits | Pistou d'ail des ours | Francais | Jus de pommes | lvaufy | Havanna Club 3 Jahre | Mangonektar | Coconut water | mogu mogu
FRANCE|DACH,unknown_beverage_segment,731,Volle yoghurt | Snep plus | Buttermilk pancake & waffle mix | ciprofloxacin eye drops | pasta | latte | Tabasco Brand Pepper Sauce | Garnel | Club-mate Granat | Sélection Bien-Être
FRANCE|DACH|BENELUX,beverage_preparations_and_alcohol,20,"Campari Bitter | Weißbier | Oettinger Pils | Paulaner Hefeweissbier hell | Kakao | Lait De Coco Nature | Crème Chocolat Luxe Baileys 15.7% 50 cl, 1 Bouteille | Lemon, ginger & manuka honey (20 sachets) | Caotina Original | Envivo lungo"
FRANCE|DACH|BENELUX,ready_to_drink_beverages,11,"Caprisun Jungle Drink | Maracuja Saft | Coco juice | Coca-Cola Zero Sugar 0,5 Liter | Provamel Biologischer Mandeldrink 1L | Soya Drink Nature | cola zero | Pastis der Marseille | Multivitamine Mixed Fruits Nectar | Orangensaft"
FRANCE|DACH|BENELUX,unknown_beverage_segment,5,Cresoy soya | Ahornsirup Grad A | Kokos. Mandel. | Helder bruisend watermeloen smaak
FRANCE|DACH|BENELUX|NORDICS,beverage_preparations_and_alcohol,1,Arpeggio 2 Stangen
FRANCE|DACH|BENELUX|SOUTHERN_EUROPE,ready_to_drink_beverages,1,Soya. Calcium.
FRANCE|DACH|BENELUX|UK_IE,ready_to_drink_beverages,1,Café moulu aromatisé saveur noisette
FRANCE|DACH|BENELUX|US_CANADA,beverage_preparations_and_alcohol,1,Coconut Milk
FRANCE|DACH|NORDICS,beverage_preparations_and_alcohol,4,Jasmine green tea | Oban Single Malt Scotch Whisky | Oboy | Pepsi Max Soda Mix
FRANCE|DACH|NORDICS,ready_to_drink_beverages,5,Café bio fairglobe | 7up soda mix sugarfree | Pepsi Max Lime soda mix | Ice Tea - Pfirsich | Multivitamin
FRANCE|DACH|NORDICS,unknown_beverage_segment,3,Blabars Soppa | The Peach edition
FRANCE|DACH|NORDICS|SOUTHERN_EUROPE,beverage_preparations_and_alcohol,1,English Breakfast tea
FRANCE|DACH|NORDICS|SOUTHERN_EUROPE|UK_IE,ready_to_drink_beverages,1,Boisson pour le sport
FRANCE|DACH|NORDICS|UK_IE,beverage_preparations_and_alcohol,1,Peroni Nastro Azzurro Beer
FRANCE|DACH|SOUTHERN_EUROPE,beverage_preparations_and_alcohol,83,Boisson instantanée à base de thé | Tè verde - Gunpowder Green Tea | Yerba Mate | Boisson concentrée à base d'airelles rouges | Peppermint tea with cocoa | Alkohol Amaretto | Crème de whisky | Bio Fruit Infusion | Espresso | Anise Ground Belbake
FRANCE|DACH|SOUTHERN_EUROPE,ready_to_drink_beverages,56,"Aloe vera | Fanta grape | Elements Coconut Water | Bevanda Nocciola | Smoothie mix fresas, plátano y arándanos | Pietra biera corsa ambrée à la châtaigne | 100% pur jus jus d'ananas | Capri-Sun Orange & Peach | Capri-Sun Mango & Maracuyá | EKU 28"
FRANCE|DACH|SOUTHERN_EUROPE,unknown_beverage_segment,40,Tè nero aromatizzato pesca | IKEA VINTERSAGA. | Smoothies mela | Gelantine | Suc de mere | Soya classic | Revolt Killer Cherry | Feigenlikör Original | BECK'S Gold | Citrus
FRANCE|DACH|SOUTHERN_EUROPE|BENELUX,unknown_beverage_segment,1,Multivitamínový džus
FRANCE|DACH|SOUTHERN_EUROPE|BENELUX|NORDICS|UK_IE,unknown_beverage_segment,1,Soy Sauce
FRANCE|DACH|SOUTHERN_EUROPE|BENELUX|UK_IE,beverage_preparations_and_alcohol,1,Thé vert nuit à Versailles
FRANCE|DACH|SOUTHERN_EUROPE|BENELUX|UK_IE,ready_to_drink_beverages,1,"Provamel Biologischer Sojadrink, Natur Ungesüβt 1L"
FRANCE|DACH|SOUTHERN_EUROPE|NORDICS|UK_IE,beverage_preparations_and_alcohol,1,Cerveza
FRANCE|DACH|SOUTHERN_EUROPE|NORDICS|UK_IE,ready_to_drink_beverages,1,Blonde
FRANCE|DACH|SOUTHERN_EUROPE|UK_IE,beverage_preparations_and_alcohol,5,English Breakfast Tea | Jus de citron vert | Golden Syrup | Martini Bianco | Café au Lait
FRANCE|DACH|SOUTHERN_EUROPE|UK_IE,ready_to_drink_beverages,2,Fanta Naranja | fanta Orange
FRANCE|DACH|SOUTHERN_EUROPE|UK_IE,unknown_beverage_segment,1,h
FRANCE|DACH|SOUTHERN_EUROPE|US_CANADA,beverage_preparations_and_alcohol,1,Chocolat en poudre
FRANCE|DACH|SOUTHERN_EUROPE|US_CANADA,ready_to_drink_beverages,3,"Chai | Coca Cola | Kas citron 🍋1,5 L"
FRANCE|DACH|SOUTHERN_EUROPE|US_CANADA,unknown_beverage_segment,1,Goody Cao
FRANCE|DACH|UK_IE,beverage_preparations_and_alcohol,40,"Thé Orange Cannelle | Cold Infuse Passionfruit, Mango & Blood Orange | Lager beer | Retsina Vin Blanc resiné Grec | 2014 | Smooth - Spiced Gold - Rum Spirit | Latte espresso | Comtes de champagne Blanc de Blancs 2002 | Champagne Blue Top Brut | Zoller-Hof"
FRANCE|DACH|UK_IE,ready_to_drink_beverages,33,"Volvic Touch Wasser | Dryck Fläder | Dryck Lingon | Dryck Nypon Rosehip drink | Fanta Lemon | Volvic Aro Zitrone-Limette 150cl PET | Volvic Aro Zitrone-Limette 75cl PET | Evian Mineralwasser, PET, 1.5L | Badoit 6x1 L PET | Sojade with kefir cultures"
FRANCE|DACH|UK_IE,unknown_beverage_segment,6,Elderflower | Schwarze johannisbeeren | Pomerančový džus | Bio gyömbér shot | Jabłko Wiśnia
FRANCE|DACH|UK_IE|SOUTHERN_EUROPE,beverage_preparations_and_alcohol,1,Espresso Classico - Ganze Bohne
FRANCE|DACH|UK_IE|US_CANADA,ready_to_drink_beverages,1,Eau de coco
FRANCE|DACH|US_CANADA,beverage_preparations_and_alcohol,14,"Hershey’s Syrup | crème de coco Kokos | Hot cocoa mix | Chardonnay | Cabernet Sauvignon 2012 | Chardonnay 2012 | Green Tea with Ginseng and Honey | Toucan Mango | Pg Tips, Pyramid Tea Bags, Black Tea | Family Cappuccino Chocolate"
FRANCE|DACH|US_CANADA,ready_to_drink_beverages,16,"Korma | Coconut Juice | Lychee Drink | Coconut Water | coconut water with pineapple | Foco, coconut water | Young coconut juice with pulp | Nectar apricot | Sparkling artesian water from norway | Classic energy drink"
FRANCE|DACH|US_CANADA,unknown_beverage_segment,7,Sphère plaisir | Coffee mate | Vanilla Caramel Zero Sugar Coffee Mate | dsdsds | Milde Orange | Bio Karottensaft | Zitrone
FRANCE|NORDICS,beverage_preparations_and_alcohol,17,"IPA | Thé Noir Finest Earl Grey Vrac | Thé vert bio | Rhum ambré | François Lurton ""fumées Blanches"" Rosé 2010 | Thé de l'Avent | Senseo Kaffeepads De | Organic Mint Matcha Green Green Tea Sachets | Ginger Beer Bio | The"
FRANCE|NORDICS,ready_to_drink_beverages,35,"Grapeberry Lemonade | Sparkling spring water | Watermelon soda | Neumakter Lammsbrau | Sprite | Coca Cola | Raw Energy Raspberry & Blueberry | Coca cola zero sucre | Coca Cola Zero sucre | Coca-Cola Classic 0,33l"
FRANCE|NORDICS,unknown_beverage_segment,11,"Classic Premium Non-Alcoholic | Nutty Almond | Eplemost | Festis - Cactus Lime | Brooklyn Special Effects 0,33l | ORANGE | Blend Apl Straw Rasp Blu | Varma Koppen Ost & Broccoli Mängd färdig soppa: 3 | Mango Mania | Hydrate"
FRANCE|NORDICS|DACH,ready_to_drink_beverages,1,Boisson sport Saveur Cool Blue
FRANCE|NORDICS|SOUTHERN_EUROPE,beverage_preparations_and_alcohol,1,Capsules NESCAFE DOLCE GUSTO Flat White 16 Capsules 187.2g
FRANCE|NORDICS|SOUTHERN_EUROPE,ready_to_drink_beverages,1,Blue refresh zero bebida energética baja en azúcares
FRANCE|NORDICS|SOUTHERN_EUROPE|DACH,beverage_preparations_and_alcohol,1,Lipton Vanilla Caramel Pyramide 20ps
FRANCE|NORDICS|SOUTHERN_EUROPE|US_CANADA,ready_to_drink_beverages,1,Fanta Berry
FRANCE|NORDICS|UK_IE,beverage_preparations_and_alcohol,2,Pukka Trois Camomilles | NON-ALCOHOLIC BEER
FRANCE|NORDICS|UK_IE,ready_to_drink_beverages,2,Tart Cherry Juice | Ubuntu Cola
FRANCE|SOUTHERN_EUROPE,beverage_preparations_and_alcohol,816,Concentrado de Hierbe | Infuso erbe al limone gr 50 | boisson instantanée tea | Formula 1 Healthy Meal | Liftoff | Polvo para preparar bebidas | Fórmula 1 sabor a frambuesa y arándanos | Twinings Lemon Flavoured Tea | Twinings Tee 25X2G Prince Of Wales Uutuustuote | Orangery Of Lady Grey
FRANCE|SOUTHERN_EUROPE,ready_to_drink_beverages,1273,boisson à l'aloe vera | aloe | Boisson Nutritionnelle | boisson nutritionnelle Formula 1 Strawberry | Pineapple Ananas | Jus D'Aloe Vera - 946 ML - Lily of the Desert | Juice light cranberry classic | Cranberry Drink | Cranberry classic | Sparkling Melograno E Arancia Beverage
FRANCE|SOUTHERN_EUROPE,unknown_beverage_segment,555,CR7 Drive | Lait d'amandes gout cappucino | Apple Earpods Binaural écouteur Blanc MMTN2ZM / a | Suc de préssec i raïm | Confiture extra framboise | Horchata de chufa | Premium Pils | Ginger grizzly | Cacao amaro in polvere | Shandy
FRANCE|SOUTHERN_EUROPE|BENELUX,ready_to_drink_beverages,2,7 triple blond | Soy milk
FRANCE|SOUTHERN_EUROPE|BENELUX|NORDICS|DACH|UK_IE,ready_to_drink_beverages,1,Sol
FRANCE|SOUTHERN_EUROPE|BENELUX|UK_IE,beverage_preparations_and_alcohol,1,Bière blonde
FRANCE|SOUTHERN_EUROPE|BENELUX|US_CANADA,beverage_preparations_and_alcohol,1,Thé au rooibos Bio pêche
FRANCE|SOUTHERN_EUROPE|DACH,beverage_preparations_and_alcohol,19,"G.H. MUMM CHAMPAGNE Cordon Rouge | Grenadine Le sirop | Bière aromatisée Tequila | Café au lait Chicorée | SANGRIA DOM JOSUE Boisson aromatisée à l'extrait d'agrumes, produite en France - Au vin d'Espagne | Lait de coco | Weissbier Munich Wheat Beer | Café au lait | Broskev a ibišek | Cerveja C/Álcool Sagres 25cl"
FRANCE|SOUTHERN_EUROPE|DACH,ready_to_drink_beverages,29,"Winter dreams | Cachaça Aguacana, 37,5° | Cafe | Powertabs antioxidant | 100% pur jus orange sans pulpe | Latte Soia Natural Senza Zuccheri | pepsi | Fanta | Fanta lemon | Soja maravillosa, manzana"
FRANCE|SOUTHERN_EUROPE|DACH,unknown_beverage_segment,13,Brune | Mandorla | Água Mineral Natural Gasocarbónica | Guaraná | Sumol Ananás | Succo mirtillo | Nettare Pesca | the san benedetto pesca | Thè al limone | Gazzosa Ville
FRANCE|SOUTHERN_EUROPE|DACH|UK_IE,ready_to_drink_beverages,1,Coca Cola
FRANCE|SOUTHERN_EUROPE|DACH|UK_IE,unknown_beverage_segment,2,"Undercurrent | Daura, Damm"
FRANCE|SOUTHERN_EUROPE|NORDICS,ready_to_drink_beverages,3,Barista soia | Tropisk Juice | Vitamin water recharge
FRANCE|SOUTHERN_EUROPE|NORDICS,unknown_beverage_segment,1,Džus z klementinek
FRANCE|SOUTHERN_EUROPE|NORDICS|DACH|UK_IE,ready_to_drink_beverages,1,Evian 75cl PET
FRANCE|SOUTHERN_EUROPE|NORDICS|UK_IE,unknown_beverage_segment,1,Corona Extra
FRANCE|SOUTHERN_EUROPE|UK_IE,beverage_preparations_and_alcohol,11,Grimbergen 33 cl Grimbergen Double Ambrèe 6.5 DEGRE ALCOOL | Jus d'orange à base de concentré | Original drinking chocolate | Coconut Milk Light | Pukka Elderberry & Echinacea 20 poser | Supreme matcha green | Refresco de té negro con limón sin azúcar sin calorías | Nesquik Chocolate Flavour | Amaretto disaronno etro | Damm Premium Quality Non Alcoholic Lager Beer
FRANCE|SOUTHERN_EUROPE|UK_IE,ready_to_drink_beverages,22,Volvic Sports Cap 1000 ML x 1 | JUS DE CLÉMENTINE 100% pur jus | Kong Strong Wild Power Energy Drink Classic | Diet | Diet Pepsi 330ml can | Brecon Carreg Natural Still Mineral Water | Cherryade Can | Irn bru | Tesco Gold Coffee 200G | 5 Zero Electrolyte Sports Drink Citrus Flavour
FRANCE|SOUTHERN_EUROPE|UK_IE,unknown_beverage_segment,4,Cream Jerez Doble | High Five Zero Electrolyte Berry | Clássico MAÇÃ Néctar | Watermelon
FRANCE|SOUTHERN_EUROPE|UK_IE|US_CANADA,ready_to_drink_beverages,1,Coconut Water With Pressed Coconut
FRANCE|SOUTHERN_EUROPE|US_CANADA,beverage_preparations_and_alcohol,5,"Chocolate essential vitamins & minerals, chocolate | Flying Cauldron Butterscotch Beer | Cidre ARTISANAL de Bretagne IGP Brut Cidrerie artisanale Les Celliers de l'Odet | Té verde, jengibre y cúrcuma | Thé infusé glacé bio saveur menthe du Maroc"
FRANCE|SOUTHERN_EUROPE|US_CANADA,ready_to_drink_beverages,8,"Mango fruit juice drink | Orange Soda | Organic Unsweetened Almond Non-Dairy Beverage Vanilla | Black cherry soda | Aloe Vera Drink | Aloe vera juice drink | Bergotto | 7up, free, flavoured soft drink with sweeteners, lemon and lime"
FRANCE|SOUTHERN_EUROPE|US_CANADA,unknown_beverage_segment,4,Mango Punch | Melograno E Arancia Sparkling Pomegranate & Orange Beverage | Pony Malta
FRANCE|UK_IE,beverage_preparations_and_alcohol,271,Diet sparkling fiery ginger beer | American Laid Back IPA | Jasmine green tea | Flat White Porter | Torla Rioja | Gin & rose lemonade | Pure China Green Sencha Tea Pyramids | Green tea | 8 instant cappuccino sachets | Christmas Cassic Tea
FRANCE|UK_IE,ready_to_drink_beverages,504,"Smoothie Strawberry & Banana | Yorkshire Gold | Iced Tea Spanish Peach | Jus pressé ananas, gingembre, pomme, citron | Smoothie super Berry | Aloe Vera Grape & Apple Juice | Smoothie Orange, Carrot & Mango | CRANBERRY & RASPERRY JUICE DRINK | Beetroot juice | Fresh Drinking Coconut"
FRANCE|UK_IE,unknown_beverage_segment,71,Brita Kettle | Taste the Difference Vintage Cheddar Mac & Cheese | HOT SHOT | The white one or purple one. Organic!! | La Fourragere | Gogo Squeez | Juiced Berry medley | Nozeco Fine Sparkling | 100% Pure Apple | 100% pure orange
FRANCE|UK_IE|BENELUX,ready_to_drink_beverages,1,Tomato Juice from concentrate
FRANCE|UK_IE|DACH,ready_to_drink_beverages,1,Special export
FRANCE|UK_IE|SOUTHERN_EUROPE,ready_to_drink_beverages,1,Free
FRANCE|UK_IE|US_CANADA,beverage_preparations_and_alcohol,3,"Aroy-D, Coconut Cream | Bournville Cocoa | Pukka Te Chamomile, Vanilla, Honey&Urter 20 poser"
FRANCE|UK_IE|US_CANADA,ready_to_drink_beverages,5,Pure coconut water | Sparkling Flavoured Soft Drink | Kombucha Mixed berry | My aloe (Premium aloe vera drink) | Energy Drink
FRANCE|UK_IE|US_CANADA,unknown_beverage_segment,1,Feldschlösschen citron 0.0%
FRANCE|US_CANADA,beverage_preparations_and_alcohol,164,Extra Ginger Beer | All natural caribbean style ginger beer | CREAMY CHOCOLATE MEAL REPLACEMENT SHAKE | Diet Green Tea Citrus | Raspberry Real Brewed Tea | Hot cocoa mix | Préparation à base de lait de coco | Peach green tea | Green tea beverage | Organic toddler milk drink powder
FRANCE|US_CANADA,ready_to_drink_beverages,462,"Unsweet Tea | Light Orange Juice | Seltzer water | White grape 100% juice, white grape | Strawberry flavor ramune soft drink | Ramune Melon | Lychee flavor carbonated soft drink | Kimura ramune watermelon flavor carbonated soft drink | Real coconut water | DOUBLESHOT ENERGY ENERGY COFFEE BEVERAGE"
FRANCE|US_CANADA,unknown_beverage_segment,88,"White Chocolate Mocha | Peach Punch | Tropical carrot | No Calcium OJ | Vanilla Latte | Pure Premium Low Acid No Pulp 100% Pure Orange | Green apple bold & intense thirst quencher | Lemon-lime zero sugar thirst quencher, lemon-lime | THIRST QUENCHER COOL BLUE | Thirst quencher, tangerine"
NORDICS|BENELUX|SOUTHERN_EUROPE|UK_IE,unknown_beverage_segment,1,
NORDICS|DACH|BENELUX|UK_IE,unknown_beverage_segment,1,Milch Mandel ohne Zucker
NORDICS|DACH|BENELUX|US_CANADA,ready_to_drink_beverages,1,Rudy's Kombucha Mango & Passion Fruit
NORDICS|DACH|UK_IE,beverage_preparations_and_alcohol,1,Ginger Beer
NORDICS|DACH|UK_IE,unknown_beverage_segment,1,Bellarom Gold
NORDICS|DACH|US_CANADA,ready_to_drink_beverages,2,Rudy's Kombucha Mandarin & Yuzu | Rudy's Kombucha Rhubarb
NORDICS|FRANCE,beverage_preparations_and_alcohol,16,Cappuccino choco-blanc | Mojito mocktail alkoholiton | Crème de mûre | Nescafé Gold | Blackcurrant Tea | SIPA | Hot Chocolate | Rooibos karpalo-kerma | Vihreä tee sitruuna | Thé Heaven
NORDICS|FRANCE,ready_to_drink_beverages,36,CTC Ramune 200ML Strawberry Flavor | Naturel flavor soda | Jarritos mangue | Sprite | Cucumber Tonic Water | Monster Energy | Powerade | Coca-Cola Zero | Cherry Coca-Cola | Fanta Exotic
NORDICS|FRANCE,unknown_beverage_segment,12,пшеничная 8 | Blackcurrant Beauty | Denice Kildevand | Sekamehujuoma | Ananas-mandariini juoma | Vital | Kivennäisvesi | Mustikkamehu | Tyrni | Sitruunatee
NORDICS|FRANCE|DACH,beverage_preparations_and_alcohol,7,"Montepulciano D'abruzzo Denominazione Di Origine Protetta 2016 | Ceylon Black Tea | Single Malt Scotch Whisky, | Original Longdrink | Dolce gusto - Chococino - Chocolat en poudre et lait entier en poudre avec sucre | Tee | Twinnings Chai Latte"
NORDICS|FRANCE|DACH,ready_to_drink_beverages,3,Schoko-Drink goody cao 20002961 Kakaohaltiges Getränkepulver | Alpro Mandeldrink Barista 1L | Fanta - Exotic
NORDICS|FRANCE|DACH,unknown_beverage_segment,3,Multi-Vitamin | Solbær
NORDICS|FRANCE|DACH|BENELUX|UK_IE,ready_to_drink_beverages,1,Lychee Flavored Drink with Nata de Coco
NORDICS|FRANCE|DACH|SOUTHERN_EUROPE,unknown_beverage_segment,3,Cassis Schwarze Johannisbeere Sirup | Bar Champagner
NORDICS|FRANCE|DACH|SOUTHERN_EUROPE|UK_IE,unknown_beverage_segment,1,Teriyakisauce
NORDICS|FRANCE|DACH|UK_IE,ready_to_drink_beverages,2,"Alpro Sojadrink, Barista 1L | Coca-Cola Life"
NORDICS|FRANCE|DACH|UK_IE,unknown_beverage_segment,1,"Kokosnussdrink mit Soja, Barista"
NORDICS|FRANCE|DACH|UK_IE|SOUTHERN_EUROPE,beverage_preparations_and_alcohol,1,Dead Pony Club
NORDICS|FRANCE|SOUTHERN_EUROPE,beverage_preparations_and_alcohol,1,Smirnoff Ice
NORDICS|FRANCE|SOUTHERN_EUROPE,ready_to_drink_beverages,1,Fanta Framboises & Passion
NORDICS|FRANCE|SOUTHERN_EUROPE|BENELUX|DACH|UK_IE,ready_to_drink_beverages,1,Little Sumpin'
NORDICS|FRANCE|SOUTHERN_EUROPE|UK_IE,unknown_beverage_segment,1,פרנסיסקאנר
NORDICS|FRANCE|UK_IE,ready_to_drink_beverages,2,Almond Breeze Barista Blend | Carbonated Citrus Flavoured Soft Drink
NORDICS|FRANCE|UK_IE|SOUTHERN_EUROPE|BENELUX|DACH,beverage_preparations_and_alcohol,1,Defender IPA
NORDICS|UK_IE,beverage_preparations_and_alcohol,3,"Organic Night Time Berry Herbal Tea | Pukka Night Tea | Aass Uten, akoholfri lys lager"
NORDICS|UK_IE,ready_to_drink_beverages,5,"Monster energy | Reign Orange Dreamsicle, energidrikk | Coca-Cola Intergalactic | Brus pæresmak | Telemark med kullsyre (smak av sitron)"
NORDICS|US_CANADA,beverage_preparations_and_alcohol,1,Calem Fine Tawny Porto
NORDICS|US_CANADA,ready_to_drink_beverages,6,"Foco, 100% pure coconut water with mango | Banana cream | Stuffed mushrooms | Sparkling Snowball Frost Flavour Energy Drink | Zingo Zero Apelsin | Loka Crush Med Smak Av Smultron"
OTHER_MIXED,unknown_beverage_segment,1,Convidado de Baco
SOUTHERN_EUROPE|DACH|UK_IE,beverage_preparations_and_alcohol,2,Pure Camomile | Bière Moretti Zero
SOUTHERN_EUROPE|UK_IE,beverage_preparations_and_alcohol,32,Jasmine Green Tea | Prosecco | Orange squash | Nescafé classic | Ginger | Premium beer | TETLEY ONE COUP | Tetley Original | Teabags | Morrisons Gold Instant Coffee
SOUTHERN_EUROPE|UK_IE,ready_to_drink_beverages,39,Orange juice | Bevanda ACE | Acqua minerale naturale | Tangy & Sweet Orange Juice Smooth | Coconut Water | kombucha | Kombucha solevita | Pepsi-cola | Impact | Highland spring
SOUTHERN_EUROPE|UK_IE,unknown_beverage_segment,9,Orange | BERRY SET GO | Green glow | Tennesse honey | L'autentica | Naranja Premium Valencia Sin Pulpa | Horchata de chufa | Bavaria Holland
SOUTHERN_EUROPE|UK_IE|US_CANADA,beverage_preparations_and_alcohol,1,Robinsons Orange Squash
SOUTHERN_EUROPE|US_CANADA,beverage_preparations_and_alcohol,13,"Green Tea Citrus | Chocolate powder no sugar added | Organic Coconut Milk Classic Unsweetened | SWISS MISS, milk chocolate, hot cocoa mix | Vanilla Nutrition Shake | Tiger spice decaffeinated chai | Organic Everyday Matcha | non-dairy protein shake | Famous teas - Royal blend | Decaf tea"
SOUTHERN_EUROPE|US_CANADA,ready_to_drink_beverages,45,"100% orange juice with calcium & vitamin d | Diet Pepsi | La Croix sparkling water | 100% juice | Almondmilk | 100% grape juice from concentrate with added ingredients, grape | Coconut juice | Pure Premium Orange Juice Original No Pulp | Triple Ginger Brew | Purified water"
SOUTHERN_EUROPE|US_CANADA,unknown_beverage_segment,6,"Original coconutmilk, original | Cool blue thirst quencher, cool blue | Dark Rich & Sexy | Aloe no sugar added | Elephant vanilla chai | Decaf"
UK_IE,beverage_preparations_and_alcohol,1629,tassimo l'or latte macchiato | tassimo costa latte | London Pride | coconut milk | Alvorada vinho verde | Assam fine tea | Budweiser beer | Spitfire | Vicky's sponge cake | Ground coffee
UK_IE,ready_to_drink_beverages,2572,"pure spring water | Lemonade | Sparkling Spring Water | Coke cola diet | Vita coco water | Pineapple juice | Soya Unsweetened | Apple, watermelon and raspberry juice | Lemonade Juice Drink | Bitter lemon"
UK_IE,unknown_beverage_segment,869,FIX | Apple Pear & Asparagus | Peach Fruit & Barley | hgg | Rejuvenate | 71 no added sugar STILL STRAWBERRY AND Kiwi FLAVOU | Apple&Elderflower | Corsé | Tropical Fruit | Gold decaf
UK_IE|BENELUX,ready_to_drink_beverages,2,Soya Unsweetened plant based | Light Soya
UK_IE|SOUTHERN_EUROPE,beverage_preparations_and_alcohol,1,Decaf Organic Instant Coffee
UK_IE|SOUTHERN_EUROPE,ready_to_drink_beverages,1,Dr Aloe flavour Drink
UK_IE|SOUTHERN_EUROPE,unknown_beverage_segment,1,
UK_IE|US_CANADA,beverage_preparations_and_alcohol,10,Prosecco | Lemon & Ginger tea | Turmeric With orange & star anise tea | Coconut Milk | Milk Chocolate Flavor | Malbec | Berry Lemonade YERBA MATE | English breakfast tea | Lemon Juice Concentrate | Traditional Irish Whiskey
UK_IE|US_CANADA,ready_to_drink_beverages,31,"Sierra mist soda | With a splash of mango juice | Cucumber melon sparkling water, cucumber melon | Concord Grape Juice | Naturally & artificially flavored soda made with aged vanilla, root beer | Agua de coco | Soja vanille | Sparkling Water Watermelon Lime | Diet Coke | Sparkling citrus beverage"
UK_IE|US_CANADA,unknown_beverage_segment,7,Seedless raspberries conserve | KULA WATERMELON | Cafe latte | Tropical Lemonaide | Zero Electrolyte Sports tabs | Azera Perky Blenders
US_CANADA,beverage_preparations_and_alcohol,12355,"Lagg's, herbal tea, peppermint | Linden Flowers Tea | Herbal Tea Cinnamon | Lagg's, herbal tea, chamomile * mint | Lagg's, dieter's herbal tea | Lagg's, kidneytea, herbal tea | Whispering Angel | Herbal Tea | Apple cider | Pumpkin pie flavored apple cider drink, pumpkin pie"
US_CANADA,ready_to_drink_beverages,27644,"Organic Coconut Sparkling Spring Water | Sparkling water | Fanta | Smart Water | Minute Maid Zero Sugar Lemonade | Pear Nectar | Spark | 100% Pure Orange Juice from Concentrate | Fuji pom blend juice | Ryan's, Lemonade"
US_CANADA,unknown_beverage_segment,7768,"saint Michel galettes | Vanilla soymilk, vanilla | Watermelon strawberry juic'd right beverage, watermelon strawberry | Rich Chocolate Royale | slim fast | Cayenne spice hot energy | Framboise Rose Gose | Splash | Delicious strawberry moscato | Squeezr sorrel ginger"
US_CANADA|DACH,beverage_preparations_and_alcohol,1,Organic Cacao Powder
US_CANADA|DACH,ready_to_drink_beverages,1,MANGO FLAVORED DRINK WITH NATA DE COCO
US_CANADA|FRANCE,beverage_preparations_and_alcohol,31,Original cranberry cocktail | Cocktail aux canneberges | Grape Flavored Juice Drink from Concentrate | Nesquik sirop chocolat | Nesquik Cocoa | Nesquik | Coconut Milk | 100% Pure Maple Syrup | Bière Bud Light - Limonade Radler | V8 Original Blend - Cocktail aux Légumes
US_CANADA|FRANCE,ready_to_drink_beverages,127,"Coconut Water | Black Raspberry Sparkling Ice | Cherry Limeade Sparkling Ice | Ginger Ale | Milked Hazelnuts Unsweetened | Black Raspberry Sparkling Fruit2O | Original Almond Lactose & Dairy-free | Coconut Beverage, Original | Almond Beverage Vanilla | Almond"
US_CANADA|FRANCE,unknown_beverage_segment,6,Almond | Ocean Spray Diète Canneberges | Fruit Integration | Strawberry Passion Awareness | Orange Flavour Crystals | Cboost
US_CANADA|FRANCE|BENELUX,unknown_beverage_segment,1,Karlsquell
US_CANADA|FRANCE|BENELUX|SOUTHERN_EUROPE|UK_IE,unknown_beverage_segment,1,
US_CANADA|FRANCE|DACH,beverage_preparations_and_alcohol,6,"Fennel Tea | Sirop De Table (original) | LILLET APÉRITIF Blanc | Camomile Tea | Black Sesame Powder | NESQUIK Poudre Cacaotée boîte 1,3kg"
US_CANADA|FRANCE|DACH,ready_to_drink_beverages,2,Boisson concentrée aux myrtilles - Dryck blåbär | Absinthe Larusée Bleue
US_CANADA|FRANCE|DACH,unknown_beverage_segment,1,Stella Artois 330ml
US_CANADA|FRANCE|DACH|BENELUX|UK_IE,ready_to_drink_beverages,1,Eau minérale naturelle
US_CANADA|FRANCE|DACH|SOUTHERN_EUROPE|UK_IE,beverage_preparations_and_alcohol,1,Fennel Tea
US_CANADA|FRANCE|DACH|UK_IE,beverage_preparations_and_alcohol,2,Coconut Milk | Bière
US_CANADA|FRANCE|DACH|UK_IE,ready_to_drink_beverages,1,Refresh Eau de Noix de Coco
US_CANADA|FRANCE|SOUTHERN_EUROPE,beverage_preparations_and_alcohol,1,HOT CHOCOLATE SMOOTH & CREAMY
US_CANADA|FRANCE|SOUTHERN_EUROPE,ready_to_drink_beverages,1,Bouteille d'eau
US_CANADA|FRANCE|SOUTHERN_EUROPE|BENELUX,beverage_preparations_and_alcohol,2,Vodka Templar Black | Vodka Templar Peach
US_CANADA|FRANCE|SOUTHERN_EUROPE|BENELUX|DACH,beverage_preparations_and_alcohol,2,Vodka Templar Red | Vodka Templar White
US_CANADA|FRANCE|UK_IE,ready_to_drink_beverages,2,Coconut Water | Sidi Ali
US_CANADA|FRANCE|UK_IE,unknown_beverage_segment,1,Hobgoblin
US_CANADA|NORDICS|FRANCE|UK_IE|SOUTHERN_EUROPE|BENELUX|DACH,beverage_preparations_and_alcohol,1,Brooklyn east IPA
US_CANADA|NORDICS|UK_IE,beverage_preparations_and_alcohol,1,Somersby Blueberry Flavoured Cider
US_CANADA|SOUTHERN_EUROPE|UK_IE,beverage_preparations_and_alcohol,1,Black Tea
US_CANADA|UK_IE,ready_to_drink_beverages,3,Thums Up 300ml can | Mango Drink | Organic Raspberry Lemonade Kombucha
