region,category,nutrition_quality_status,nutrition_quality_reason,records,total_records,excluded_from_product_explorer_n,excluded_from_market_overview_calculations_n,excluded_from_market_overview_charts_n,records_pct_of_region_category,excluded_from_product_explorer_pct,excluded_from_market_overview_calculations_pct,excluded_from_market_overview_charts_pct
BENELUX,beverages,data_quality_error,nutrient_density_exceeds_energy_limit,61,2374,80,146,146,2.57,3.37,6.15,6.15
BENELUX,beverages,data_quality_error,saturated_fat_greater_than_fat,10,2374,80,146,146,0.42,3.37,6.15,6.15
BENELUX,beverages,data_quality_error,sugars_greater_than_carbs,6,2374,80,146,146,0.25,3.37,6.15,6.15
BENELUX,beverages,data_quality_error,energy_above_900_kcal,1,2374,80,146,146,0.04,3.37,6.15,6.15
BENELUX,beverages,data_quality_error,macro_mass_balance_exceeds_100g;nutrient_density_exceeds_energy_limit,1,2374,80,146,146,0.04,3.37,6.15,6.15
BENELUX,beverages,data_quality_error,nutrient_value_above_100g;macro_mass_balance_exceeds_100g;nutrient_density_exceeds_energy_limit,1,2374,80,146,146,0.04,3.37,6.15,6.15
BENELUX,beverages,energy_macro_inconsistency,energy_macro_difference_15pct_or_more,55,2374,80,146,146,2.32,3.37,6.15,6.15
BENELUX,beverages,energy_macro_inconsistency,energy_macro_difference_15pct_or_more;high_energy_beverage_formula_exception_review,11,2374,80,146,146,0.46,3.37,6.15,6.15
BENELUX,beverages,valid,none,1905,2374,80,146,146,80.24,3.37,6.15,6.15
BENELUX,beverages,valid,energy_macro_difference_15pct_or_more;energy_macro_small_absolute_gap_accepted;low_energy_beverage_macro_gap_accepted,286,2374,80,146,146,12.05,3.37,6.15,6.15
BENELUX,beverages,valid,energy_macro_difference_15pct_or_more;alcohol_formula_exception_accepted,14,2374,80,146,146,0.59,3.37,6.15,6.15
BENELUX,beverages,valid,energy_macro_difference_15pct_or_more;energy_macro_small_absolute_gap_accepted,14,2374,80,146,146,0.59,3.37,6.15,6.15
BENELUX,beverages,valid,energy_macro_difference_15pct_or_more;energy_macro_small_absolute_gap_accepted;low_energy_beverage_macro_gap_accepted;alcohol_formula_exception_accepted,9,2374,80,146,146,0.38,3.37,6.15,6.15
BENELUX,cereals,data_quality_error,energy_above_900_kcal,1,545,2,8,8,0.18,0.37,1.47,1.47
BENELUX,cereals,data_quality_error,macro_mass_balance_exceeds_100g;nutrient_density_exceeds_energy_limit,1,545,2,8,8,0.18,0.37,1.47,1.47
BENELUX,cereals,energy_macro_inconsistency,energy_macro_difference_15pct_or_more,6,545,2,8,8,1.1,0.37,1.47,1.47
BENELUX,cereals,valid,none,537,545,2,8,8,98.53,0.37,1.47,1.47
BENELUX,dairies,data_quality_error,nutrient_density_exceeds_energy_limit,13,1865,29,57,57,0.7,1.55,3.06,3.06
BENELUX,dairies,data_quality_error,sugars_greater_than_carbs,10,1865,29,57,57,0.54,1.55,3.06,3.06
BENELUX,dairies,data_quality_error,energy_above_900_kcal,2,1865,29,57,57,0.11,1.55,3.06,3.06
BENELUX,dairies,data_quality_error,macro_mass_balance_exceeds_100g,2,1865,29,57,57,0.11,1.55,3.06,3.06
BENELUX,dairies,data_quality_error,saturated_fat_greater_than_fat,2,1865,29,57,57,0.11,1.55,3.06,3.06
BENELUX,dairies,energy_macro_inconsistency,energy_macro_difference_15pct_or_more,28,1865,29,57,57,1.5,1.55,3.06,3.06
BENELUX,dairies,valid,none,1797,1865,29,57,57,96.35,1.55,3.06,3.06
BENELUX,dairies,valid,energy_macro_difference_15pct_or_more;energy_macro_small_absolute_gap_accepted,11,1865,29,57,57,0.59,1.55,3.06,3.06
BENELUX,snacks,data_quality_error,nutrient_density_exceeds_energy_limit,50,2755,65,90,90,1.81,2.36,3.27,3.27
BENELUX,snacks,data_quality_error,energy_above_900_kcal,7,2755,65,90,90,0.25,2.36,3.27,3.27
BENELUX,snacks,data_quality_error,macro_mass_balance_exceeds_100g,6,2755,65,90,90,0.22,2.36,3.27,3.27
BENELUX,snacks,data_quality_error,negative_nutrient_value,1,2755,65,90,90,0.04,2.36,3.27,3.27
BENELUX,snacks,data_quality_error,sugars_greater_than_carbs,1,2755,65,90,90,0.04,2.36,3.27,3.27
BENELUX,snacks,energy_macro_inconsistency,energy_macro_difference_15pct_or_more,25,2755,65,90,90,0.91,2.36,3.27,3.27
BENELUX,snacks,valid,none,2665,2755,65,90,90,96.73,2.36,3.27,3.27
DACH,beverages,data_quality_error,nutrient_density_exceeds_energy_limit,162,5414,192,406,406,2.99,3.55,7.5,7.5
DACH,beverages,data_quality_error,saturated_fat_greater_than_fat,13,5414,192,406,406,0.24,3.55,7.5,7.5
DACH,beverages,data_quality_error,sugars_greater_than_carbs,12,5414,192,406,406,0.22,3.55,7.5,7.5
DACH,beverages,data_quality_error,sugars_greater_than_carbs;saturated_fat_greater_than_fat,2,5414,192,406,406,0.04,3.55,7.5,7.5
DACH,beverages,data_quality_error,energy_above_900_kcal,1,5414,192,406,406,0.02,3.55,7.5,7.5
DACH,beverages,data_quality_error,macro_mass_balance_exceeds_100g,1,5414,192,406,406,0.02,3.55,7.5,7.5
DACH,beverages,data_quality_error,nutrient_value_above_100g;sugars_greater_than_carbs,1,5414,192,406,406,0.02,3.55,7.5,7.5
DACH,beverages,energy_macro_inconsistency,energy_macro_difference_15pct_or_more,184,5414,192,406,406,3.4,3.55,7.5,7.5
DACH,beverages,energy_macro_inconsistency,energy_macro_difference_15pct_or_more;high_energy_beverage_formula_exception_review,30,5414,192,406,406,0.55,3.55,7.5,7.5
DACH,beverages,valid,none,4387,5414,192,406,406,81.03,3.55,7.5,7.5
DACH,beverages,valid,energy_macro_difference_15pct_or_more;energy_macro_small_absolute_gap_accepted;low_energy_beverage_macro_gap_accepted,543,5414,192,406,406,10.03,3.55,7.5,7.5
DACH,beverages,valid,energy_macro_difference_15pct_or_more;energy_macro_small_absolute_gap_accepted,47,5414,192,406,406,0.87,3.55,7.5,7.5
DACH,beverages,valid,energy_macro_difference_15pct_or_more;alcohol_formula_exception_accepted,25,5414,192,406,406,0.46,3.55,7.5,7.5
DACH,beverages,valid,energy_macro_difference_15pct_or_more;energy_macro_small_absolute_gap_accepted;alcohol_formula_exception_accepted,3,5414,192,406,406,0.06,3.55,7.5,7.5
DACH,beverages,valid,energy_macro_difference_15pct_or_more;energy_macro_small_absolute_gap_accepted;low_energy_beverage_macro_gap_accepted;alcohol_formula_exception_accepted,3,5414,192,406,406,0.06,3.55,7.5,7.5
DACH,cereals,data_quality_error,energy_above_900_kcal,5,853,10,19,19,0.59,1.17,2.23,2.23
DACH,cereals,data_quality_error,macro_mass_balance_exceeds_100g,4,853,10,19,19,0.47,1.17,2.23,2.23
DACH,cereals,data_quality_error,sugars_greater_than_carbs,1,853,10,19,19,0.12,1.17,2.23,2.23
DACH,cereals,energy_macro_inconsistency,energy_macro_difference_15pct_or_more,9,853,10,19,19,1.06,1.17,2.23,2.23
DACH,cereals,valid,none,834,853,10,19,19,97.77,1.17,2.23,2.23
DACH,dairies,data_quality_error,nutrient_density_exceeds_energy_limit,27,3161,52,101,101,0.85,1.65,3.2,3.2
DACH,dairies,data_quality_error,sugars_greater_than_carbs,17,3161,52,101,101,0.54,1.65,3.2,3.2
DACH,dairies,data_quality_error,energy_above_900_kcal,4,3161,52,101,101,0.13,1.65,3.2,3.2
DACH,dairies,data_quality_error,saturated_fat_greater_than_fat,3,3161,52,101,101,0.09,1.65,3.2,3.2
DACH,dairies,data_quality_error,sugars_greater_than_carbs;saturated_fat_greater_than_fat,1,3161,52,101,101,0.03,1.65,3.2,3.2
DACH,dairies,energy_macro_inconsistency,energy_macro_difference_15pct_or_more,49,3161,52,101,101,1.55,1.65,3.2,3.2
DACH,dairies,valid,none,3050,3161,52,101,101,96.49,1.65,3.2,3.2
DACH,dairies,valid,energy_macro_difference_15pct_or_more;energy_macro_small_absolute_gap_accepted,10,3161,52,101,101,0.32,1.65,3.2,3.2
DACH,snacks,data_quality_error,nutrient_density_exceeds_energy_limit,103,5031,134,199,199,2.05,2.66,3.96,3.96
DACH,snacks,data_quality_error,energy_above_900_kcal,11,5031,134,199,199,0.22,2.66,3.96,3.96
DACH,snacks,data_quality_error,macro_mass_balance_exceeds_100g,10,5031,134,199,199,0.2,2.66,3.96,3.96
DACH,snacks,data_quality_error,sugars_greater_than_carbs,5,5031,134,199,199,0.1,2.66,3.96,3.96
DACH,snacks,data_quality_error,negative_nutrient_value,4,5031,134,199,199,0.08,2.66,3.96,3.96
DACH,snacks,data_quality_error,saturated_fat_greater_than_fat,1,5031,134,199,199,0.02,2.66,3.96,3.96
DACH,snacks,energy_macro_inconsistency,energy_macro_difference_15pct_or_more,65,5031,134,199,199,1.29,2.66,3.96,3.96
DACH,snacks,valid,none,4829,5031,134,199,199,95.98,2.66,3.96,3.96
DACH,snacks,valid,energy_macro_difference_15pct_or_more;energy_macro_small_absolute_gap_accepted,3,5031,134,199,199,0.06,2.66,3.96,3.96
FRANCE,beverages,data_quality_error,nutrient_density_exceeds_energy_limit,1914,67713,2187,3875,3875,2.83,3.23,5.72,5.72
FRANCE,beverages,data_quality_error,sugars_greater_than_carbs,109,67713,2187,3875,3875,0.16,3.23,5.72,5.72
FRANCE,beverages,data_quality_error,saturated_fat_greater_than_fat,84,67713,2187,3875,3875,0.12,3.23,5.72,5.72
FRANCE,beverages,data_quality_error,macro_mass_balance_exceeds_100g,17,67713,2187,3875,3875,0.03,3.23,5.72,5.72
FRANCE,beverages,data_quality_error,energy_above_900_kcal,14,67713,2187,3875,3875,0.02,3.23,5.72,5.72
FRANCE,beverages,data_quality_error,macro_mass_balance_exceeds_100g;nutrient_density_exceeds_energy_limit,11,67713,2187,3875,3875,0.02,3.23,5.72,5.72
FRANCE,beverages,data_quality_error,sugars_greater_than_carbs;nutrient_density_exceeds_energy_limit,8,67713,2187,3875,3875,0.01,3.23,5.72,5.72
FRANCE,beverages,data_quality_error,sugars_greater_than_carbs;saturated_fat_greater_than_fat,8,67713,2187,3875,3875,0.01,3.23,5.72,5.72
FRANCE,beverages,data_quality_error,energy_above_900_kcal;nutrient_value_above_100g;macro_mass_balance_exceeds_100g,6,67713,2187,3875,3875,0.01,3.23,5.72,5.72
FRANCE,beverages,data_quality_error,saturated_fat_greater_than_fat;nutrient_density_exceeds_energy_limit,5,67713,2187,3875,3875,0.01,3.23,5.72,5.72
FRANCE,beverages,data_quality_error,nutrient_value_above_100g,3,67713,2187,3875,3875,0.0,3.23,5.72,5.72
FRANCE,beverages,data_quality_error,nutrient_value_above_100g;macro_mass_balance_exceeds_100g;nutrient_density_exceeds_energy_limit,2,67713,2187,3875,3875,0.0,3.23,5.72,5.72
FRANCE,beverages,data_quality_error,nutrient_value_above_100g;sugars_greater_than_carbs,2,67713,2187,3875,3875,0.0,3.23,5.72,5.72
FRANCE,beverages,data_quality_error,sugars_greater_than_carbs;saturated_fat_greater_than_fat;nutrient_density_exceeds_energy_limit,2,67713,2187,3875,3875,0.0,3.23,5.72,5.72
FRANCE,beverages,data_quality_error,energy_above_900_kcal;sugars_greater_than_carbs,1,67713,2187,3875,3875,0.0,3.23,5.72,5.72
FRANCE,beverages,data_quality_error,nutrient_value_above_100g;nutrient_density_exceeds_energy_limit,1,67713,2187,3875,3875,0.0,3.23,5.72,5.72
FRANCE,beverages,energy_macro_inconsistency,energy_macro_difference_15pct_or_more,1486,67713,2187,3875,3875,2.19,3.23,5.72,5.72
FRANCE,beverages,energy_macro_inconsistency,energy_macro_difference_15pct_or_more;high_energy_beverage_formula_exception_review,202,67713,2187,3875,3875,0.3,3.23,5.72,5.72
FRANCE,beverages,valid,none,57171,67713,2187,3875,3875,84.43,3.23,5.72,5.72
FRANCE,beverages,valid,energy_macro_difference_15pct_or_more;energy_macro_small_absolute_gap_accepted;low_energy_beverage_macro_gap_accepted,5419,67713,2187,3875,3875,8.0,3.23,5.72,5.72
FRANCE,beverages,valid,energy_macro_difference_15pct_or_more;energy_macro_small_absolute_gap_accepted,545,67713,2187,3875,3875,0.8,3.23,5.72,5.72
FRANCE,beverages,valid,energy_macro_difference_15pct_or_more;alcohol_formula_exception_accepted,458,67713,2187,3875,3875,0.68,3.23,5.72,5.72
FRANCE,beverages,valid,energy_macro_difference_15pct_or_more;energy_macro_small_absolute_gap_accepted;low_energy_beverage_macro_gap_accepted;alcohol_formula_exception_accepted,177,67713,2187,3875,3875,0.26,3.23,5.72,5.72
FRANCE,beverages,valid,energy_macro_difference_15pct_or_more;energy_macro_small_absolute_gap_accepted;alcohol_formula_exception_accepted,68,67713,2187,3875,3875,0.1,3.23,5.72,5.72
FRANCE,cereals,data_quality_error,nutrient_density_exceeds_energy_limit,23,7385,66,183,183,0.31,0.89,2.48,2.48
FRANCE,cereals,data_quality_error,macro_mass_balance_exceeds_100g,18,7385,66,183,183,0.24,0.89,2.48,2.48
FRANCE,cereals,data_quality_error,energy_above_900_kcal,13,7385,66,183,183,0.18,0.89,2.48,2.48
FRANCE,cereals,data_quality_error,macro_mass_balance_exceeds_100g;nutrient_density_exceeds_energy_limit,3,7385,66,183,183,0.04,0.89,2.48,2.48
FRANCE,cereals,data_quality_error,saturated_fat_greater_than_fat,3,7385,66,183,183,0.04,0.89,2.48,2.48
FRANCE,cereals,data_quality_error,sugars_greater_than_carbs,3,7385,66,183,183,0.04,0.89,2.48,2.48
FRANCE,cereals,data_quality_error,energy_above_900_kcal;macro_mass_balance_exceeds_100g,1,7385,66,183,183,0.01,0.89,2.48,2.48
FRANCE,cereals,data_quality_error,nutrient_value_above_100g,1,7385,66,183,183,0.01,0.89,2.48,2.48
FRANCE,cereals,data_quality_error,nutrient_value_above_100g;macro_mass_balance_exceeds_100g,1,7385,66,183,183,0.01,0.89,2.48,2.48
FRANCE,cereals,energy_macro_inconsistency,energy_macro_difference_15pct_or_more,117,7385,66,183,183,1.58,0.89,2.48,2.48
FRANCE,cereals,valid,none,7202,7385,66,183,183,97.52,0.89,2.48,2.48
FRANCE,dairies,data_quality_error,nutrient_density_exceeds_energy_limit,292,60237,523,1441,1441,0.48,0.87,2.39,2.39
FRANCE,dairies,data_quality_error,sugars_greater_than_carbs,133,60237,523,1441,1441,0.22,0.87,2.39,2.39
FRANCE,dairies,data_quality_error,energy_above_900_kcal,43,60237,523,1441,1441,0.07,0.87,2.39,2.39
FRANCE,dairies,data_quality_error,saturated_fat_greater_than_fat,30,60237,523,1441,1441,0.05,0.87,2.39,2.39
FRANCE,dairies,data_quality_error,macro_mass_balance_exceeds_100g,11,60237,523,1441,1441,0.02,0.87,2.39,2.39
FRANCE,dairies,data_quality_error,energy_above_900_kcal;nutrient_value_above_100g;macro_mass_balance_exceeds_100g,3,60237,523,1441,1441,0.0,0.87,2.39,2.39
FRANCE,dairies,data_quality_error,macro_mass_balance_exceeds_100g;nutrient_density_exceeds_energy_limit,3,60237,523,1441,1441,0.0,0.87,2.39,2.39
FRANCE,dairies,data_quality_error,sugars_greater_than_carbs;saturated_fat_greater_than_fat,3,60237,523,1441,1441,0.0,0.87,2.39,2.39
FRANCE,dairies,data_quality_error,nutrient_value_above_100g;saturated_fat_greater_than_fat,2,60237,523,1441,1441,0.0,0.87,2.39,2.39
FRANCE,dairies,data_quality_error,negative_nutrient_value,1,60237,523,1441,1441,0.0,0.87,2.39,2.39
FRANCE,dairies,data_quality_error,nutrient_value_above_100g;sugars_greater_than_carbs,1,60237,523,1441,1441,0.0,0.87,2.39,2.39
FRANCE,dairies,data_quality_error,sugars_greater_than_carbs;nutrient_density_exceeds_energy_limit,1,60237,523,1441,1441,0.0,0.87,2.39,2.39
FRANCE,dairies,energy_macro_inconsistency,energy_macro_difference_15pct_or_more,918,60237,523,1441,1441,1.52,0.87,2.39,2.39
FRANCE,dairies,valid,none,58577,60237,523,1441,1441,97.24,0.87,2.39,2.39
FRANCE,dairies,valid,energy_macro_difference_15pct_or_more;energy_macro_small_absolute_gap_accepted,219,60237,523,1441,1441,0.36,0.87,2.39,2.39
FRANCE,snacks,data_quality_error,nutrient_density_exceeds_energy_limit,1307,76966,1807,3061,3061,1.7,2.35,3.98,3.98
FRANCE,snacks,data_quality_error,macro_mass_balance_exceeds_100g,276,76966,1807,3061,3061,0.36,2.35,3.98,3.98
FRANCE,snacks,data_quality_error,energy_above_900_kcal,77,76966,1807,3061,3061,0.1,2.35,3.98,3.98
FRANCE,snacks,data_quality_error,sugars_greater_than_carbs,43,76966,1807,3061,3061,0.06,2.35,3.98,3.98
FRANCE,snacks,data_quality_error,saturated_fat_greater_than_fat,28,76966,1807,3061,3061,0.04,2.35,3.98,3.98
FRANCE,snacks,data_quality_error,macro_mass_balance_exceeds_100g;nutrient_density_exceeds_energy_limit,19,76966,1807,3061,3061,0.02,2.35,3.98,3.98
FRANCE,snacks,data_quality_error,negative_nutrient_value,17,76966,1807,3061,3061,0.02,2.35,3.98,3.98
FRANCE,snacks,data_quality_error,nutrient_value_above_100g;macro_mass_balance_exceeds_100g;nutrient_density_exceeds_energy_limit,8,76966,1807,3061,3061,0.01,2.35,3.98,3.98
FRANCE,snacks,data_quality_error,nutrient_value_above_100g,6,76966,1807,3061,3061,0.01,2.35,3.98,3.98
FRANCE,snacks,data_quality_error,nutrient_value_above_100g;macro_mass_balance_exceeds_100g,5,76966,1807,3061,3061,0.01,2.35,3.98,3.98
FRANCE,snacks,data_quality_error,energy_above_900_kcal;macro_mass_balance_exceeds_100g,3,76966,1807,3061,3061,0.0,2.35,3.98,3.98
FRANCE,snacks,data_quality_error,energy_above_900_kcal;nutrient_value_above_100g;macro_mass_balance_exceeds_100g,3,76966,1807,3061,3061,0.0,2.35,3.98,3.98
FRANCE,snacks,data_quality_error,negative_nutrient_value;nutrient_density_exceeds_energy_limit,2,76966,1807,3061,3061,0.0,2.35,3.98,3.98
FRANCE,snacks,data_quality_error,nutrient_value_above_100g;sugars_greater_than_carbs,2,76966,1807,3061,3061,0.0,2.35,3.98,3.98
FRANCE,snacks,data_quality_error,sugars_greater_than_carbs;nutrient_density_exceeds_energy_limit,2,76966,1807,3061,3061,0.0,2.35,3.98,3.98
FRANCE,snacks,data_quality_error,energy_above_900_kcal;nutrient_value_above_100g,1,76966,1807,3061,3061,0.0,2.35,3.98,3.98
FRANCE,snacks,data_quality_error,energy_above_900_kcal;nutrient_value_above_100g;macro_mass_balance_exceeds_100g;nutrient_density_exceeds_energy_limit,1,76966,1807,3061,3061,0.0,2.35,3.98,3.98
FRANCE,snacks,data_quality_error,negative_nutrient_value;sugars_greater_than_carbs,1,76966,1807,3061,3061,0.0,2.35,3.98,3.98
FRANCE,snacks,data_quality_error,nutrient_value_above_100g;macro_mass_balance_exceeds_100g;saturated_fat_greater_than_fat,1,76966,1807,3061,3061,0.0,2.35,3.98,3.98
FRANCE,snacks,data_quality_error,nutrient_value_above_100g;macro_mass_balance_exceeds_100g;sugars_greater_than_carbs,1,76966,1807,3061,3061,0.0,2.35,3.98,3.98
FRANCE,snacks,data_quality_error,nutrient_value_above_100g;macro_mass_balance_exceeds_100g;sugars_greater_than_carbs;nutrient_density_exceeds_energy_limit,1,76966,1807,3061,3061,0.0,2.35,3.98,3.98
FRANCE,snacks,data_quality_error,nutrient_value_above_100g;nutrient_density_exceeds_energy_limit,1,76966,1807,3061,3061,0.0,2.35,3.98,3.98
FRANCE,snacks,data_quality_error,saturated_fat_greater_than_fat;nutrient_density_exceeds_energy_limit,1,76966,1807,3061,3061,0.0,2.35,3.98,3.98
FRANCE,snacks,data_quality_error,sugars_greater_than_carbs;saturated_fat_greater_than_fat,1,76966,1807,3061,3061,0.0,2.35,3.98,3.98
FRANCE,snacks,energy_macro_inconsistency,energy_macro_difference_15pct_or_more,1254,76966,1807,3061,3061,1.63,2.35,3.98,3.98
FRANCE,snacks,valid,none,73864,76966,1807,3061,3061,95.97,2.35,3.98,3.98
FRANCE,snacks,valid,energy_macro_difference_15pct_or_more;energy_macro_small_absolute_gap_accepted,41,76966,1807,3061,3061,0.05,2.35,3.98,3.98
NORDICS,beverages,data_quality_error,nutrient_density_exceeds_energy_limit,11,275,12,30,30,4.0,4.36,10.91,10.91
NORDICS,beverages,data_quality_error,energy_above_900_kcal,1,275,12,30,30,0.36,4.36,10.91,10.91
NORDICS,beverages,energy_macro_inconsistency,energy_macro_difference_15pct_or_more,15,275,12,30,30,5.45,4.36,10.91,10.91
NORDICS,beverages,energy_macro_inconsistency,energy_macro_difference_15pct_or_more;high_energy_beverage_formula_exception_review,3,275,12,30,30,1.09,4.36,10.91,10.91
NORDICS,beverages,valid,none,207,275,12,30,30,75.27,4.36,10.91,10.91
NORDICS,beverages,valid,energy_macro_difference_15pct_or_more;energy_macro_small_absolute_gap_accepted;low_energy_beverage_macro_gap_accepted,35,275,12,30,30,12.73,4.36,10.91,10.91
NORDICS,beverages,valid,energy_macro_difference_15pct_or_more;alcohol_formula_exception_accepted,1,275,12,30,30,0.36,4.36,10.91,10.91
NORDICS,beverages,valid,energy_macro_difference_15pct_or_more;energy_macro_small_absolute_gap_accepted,1,275,12,30,30,0.36,4.36,10.91,10.91
NORDICS,beverages,valid,energy_macro_difference_15pct_or_more;energy_macro_small_absolute_gap_accepted;low_energy_beverage_macro_gap_accepted;alcohol_formula_exception_accepted,1,275,12,30,30,0.36,4.36,10.91,10.91
NORDICS,cereals,data_quality_error,energy_above_900_kcal,1,60,1,1,1,1.67,1.67,1.67,1.67
NORDICS,cereals,valid,none,59,60,1,1,1,98.33,1.67,1.67,1.67
NORDICS,dairies,data_quality_error,nutrient_density_exceeds_energy_limit,4,183,7,10,10,2.19,3.83,5.46,5.46
NORDICS,dairies,data_quality_error,sugars_greater_than_carbs,3,183,7,10,10,1.64,3.83,5.46,5.46
NORDICS,dairies,energy_macro_inconsistency,energy_macro_difference_15pct_or_more,3,183,7,10,10,1.64,3.83,5.46,5.46
NORDICS,dairies,valid,none,172,183,7,10,10,93.99,3.83,5.46,5.46
NORDICS,dairies,valid,energy_macro_difference_15pct_or_more;energy_macro_small_absolute_gap_accepted,1,183,7,10,10,0.55,3.83,5.46,5.46
NORDICS,snacks,data_quality_error,nutrient_density_exceeds_energy_limit,7,535,8,12,12,1.31,1.5,2.24,2.24
NORDICS,snacks,data_quality_error,nutrient_value_above_100g,1,535,8,12,12,0.19,1.5,2.24,2.24
NORDICS,snacks,energy_macro_inconsistency,energy_macro_difference_15pct_or_more,4,535,8,12,12,0.75,1.5,2.24,2.24
NORDICS,snacks,valid,none,523,535,8,12,12,97.76,1.5,2.24,2.24
OTHER_MIXED,beverages,valid,none,1,1,0,0,0,100.0,0.0,0.0,0.0
OTHER_MIXED,snacks,valid,none,2,2,0,0,0,100.0,0.0,0.0,0.0
SOUTHERN_EUROPE,beverages,data_quality_error,nutrient_density_exceeds_energy_limit,97,3394,114,203,203,2.86,3.36,5.98,5.98
SOUTHERN_EUROPE,beverages,data_quality_error,saturated_fat_greater_than_fat,8,3394,114,203,203,0.24,3.36,5.98,5.98
SOUTHERN_EUROPE,beverages,data_quality_error,sugars_greater_than_carbs,4,3394,114,203,203,0.12,3.36,5.98,5.98
SOUTHERN_EUROPE,beverages,data_quality_error,energy_above_900_kcal,1,3394,114,203,203,0.03,3.36,5.98,5.98
SOUTHERN_EUROPE,beverages,data_quality_error,energy_above_900_kcal;nutrient_value_above_100g;macro_mass_balance_exceeds_100g,1,3394,114,203,203,0.03,3.36,5.98,5.98
SOUTHERN_EUROPE,beverages,data_quality_error,macro_mass_balance_exceeds_100g,1,3394,114,203,203,0.03,3.36,5.98,5.98
SOUTHERN_EUROPE,beverages,data_quality_error,nutrient_value_above_100g;sugars_greater_than_carbs,1,3394,114,203,203,0.03,3.36,5.98,5.98
SOUTHERN_EUROPE,beverages,data_quality_error,sugars_greater_than_carbs;saturated_fat_greater_than_fat,1,3394,114,203,203,0.03,3.36,5.98,5.98
SOUTHERN_EUROPE,beverages,energy_macro_inconsistency,energy_macro_difference_15pct_or_more,83,3394,114,203,203,2.45,3.36,5.98,5.98
SOUTHERN_EUROPE,beverages,energy_macro_inconsistency,energy_macro_difference_15pct_or_more;high_energy_beverage_formula_exception_review,6,3394,114,203,203,0.18,3.36,5.98,5.98
SOUTHERN_EUROPE,beverages,valid,none,2793,3394,114,203,203,82.29,3.36,5.98,5.98
SOUTHERN_EUROPE,beverages,valid,energy_macro_difference_15pct_or_more;energy_macro_small_absolute_gap_accepted;low_energy_beverage_macro_gap_accepted,355,3394,114,203,203,10.46,3.36,5.98,5.98
SOUTHERN_EUROPE,beverages,valid,energy_macro_difference_15pct_or_more;energy_macro_small_absolute_gap_accepted,23,3394,114,203,203,0.68,3.36,5.98,5.98
SOUTHERN_EUROPE,beverages,valid,energy_macro_difference_15pct_or_more;alcohol_formula_exception_accepted,11,3394,114,203,203,0.32,3.36,5.98,5.98
SOUTHERN_EUROPE,beverages,valid,energy_macro_difference_15pct_or_more;energy_macro_small_absolute_gap_accepted;low_energy_beverage_macro_gap_accepted;alcohol_formula_exception_accepted,8,3394,114,203,203,0.24,3.36,5.98,5.98
SOUTHERN_EUROPE,beverages,valid,energy_macro_difference_15pct_or_more;energy_macro_small_absolute_gap_accepted;alcohol_formula_exception_accepted,1,3394,114,203,203,0.03,3.36,5.98,5.98
SOUTHERN_EUROPE,cereals,data_quality_error,energy_above_900_kcal,2,814,4,21,21,0.25,0.49,2.58,2.58
SOUTHERN_EUROPE,cereals,data_quality_error,nutrient_density_exceeds_energy_limit,2,814,4,21,21,0.25,0.49,2.58,2.58
SOUTHERN_EUROPE,cereals,energy_macro_inconsistency,energy_macro_difference_15pct_or_more,17,814,4,21,21,2.09,0.49,2.58,2.58
SOUTHERN_EUROPE,cereals,valid,none,793,814,4,21,21,97.42,0.49,2.58,2.58
SOUTHERN_EUROPE,dairies,data_quality_error,nutrient_density_exceeds_energy_limit,14,2512,33,81,81,0.56,1.31,3.22,3.22
SOUTHERN_EUROPE,dairies,data_quality_error,sugars_greater_than_carbs,13,2512,33,81,81,0.52,1.31,3.22,3.22
SOUTHERN_EUROPE,dairies,data_quality_error,energy_above_900_kcal,3,2512,33,81,81,0.12,1.31,3.22,3.22
SOUTHERN_EUROPE,dairies,data_quality_error,macro_mass_balance_exceeds_100g,2,2512,33,81,81,0.08,1.31,3.22,3.22
SOUTHERN_EUROPE,dairies,data_quality_error,saturated_fat_greater_than_fat,1,2512,33,81,81,0.04,1.31,3.22,3.22
SOUTHERN_EUROPE,dairies,energy_macro_inconsistency,energy_macro_difference_15pct_or_more,48,2512,33,81,81,1.91,1.31,3.22,3.22
SOUTHERN_EUROPE,dairies,valid,none,2411,2512,33,81,81,95.98,1.31,3.22,3.22
SOUTHERN_EUROPE,dairies,valid,energy_macro_difference_15pct_or_more;energy_macro_small_absolute_gap_accepted,20,2512,33,81,81,0.8,1.31,3.22,3.22
SOUTHERN_EUROPE,snacks,data_quality_error,nutrient_density_exceeds_energy_limit,79,5065,114,199,199,1.56,2.25,3.93,3.93
SOUTHERN_EUROPE,snacks,data_quality_error,energy_above_900_kcal,17,5065,114,199,199,0.34,2.25,3.93,3.93
SOUTHERN_EUROPE,snacks,data_quality_error,macro_mass_balance_exceeds_100g,13,5065,114,199,199,0.26,2.25,3.93,3.93
SOUTHERN_EUROPE,snacks,data_quality_error,sugars_greater_than_carbs,3,5065,114,199,199,0.06,2.25,3.93,3.93
SOUTHERN_EUROPE,snacks,data_quality_error,negative_nutrient_value,2,5065,114,199,199,0.04,2.25,3.93,3.93
SOUTHERN_EUROPE,snacks,energy_macro_inconsistency,energy_macro_difference_15pct_or_more,85,5065,114,199,199,1.68,2.25,3.93,3.93
SOUTHERN_EUROPE,snacks,valid,none,4862,5065,114,199,199,95.99,2.25,3.93,3.93
SOUTHERN_EUROPE,snacks,valid,energy_macro_difference_15pct_or_more;energy_macro_small_absolute_gap_accepted,4,5065,114,199,199,0.08,2.25,3.93,3.93
UK_IE,beverages,data_quality_error,nutrient_density_exceeds_energy_limit,302,6585,354,520,520,4.59,5.38,7.9,7.9
UK_IE,beverages,data_quality_error,saturated_fat_greater_than_fat,29,6585,354,520,520,0.44,5.38,7.9,7.9
UK_IE,beverages,data_quality_error,sugars_greater_than_carbs,12,6585,354,520,520,0.18,5.38,7.9,7.9
UK_IE,beverages,data_quality_error,sugars_greater_than_carbs;saturated_fat_greater_than_fat,3,6585,354,520,520,0.05,5.38,7.9,7.9
UK_IE,beverages,data_quality_error,energy_above_900_kcal;nutrient_value_above_100g;macro_mass_balance_exceeds_100g,2,6585,354,520,520,0.03,5.38,7.9,7.9
UK_IE,beverages,data_quality_error,energy_above_900_kcal,1,6585,354,520,520,0.02,5.38,7.9,7.9
UK_IE,beverages,data_quality_error,macro_mass_balance_exceeds_100g,1,6585,354,520,520,0.02,5.38,7.9,7.9
UK_IE,beverages,data_quality_error,macro_mass_balance_exceeds_100g;nutrient_density_exceeds_energy_limit,1,6585,354,520,520,0.02,5.38,7.9,7.9
UK_IE,beverages,data_quality_error,nutrient_value_above_100g,1,6585,354,520,520,0.02,5.38,7.9,7.9
UK_IE,beverages,data_quality_error,nutrient_value_above_100g;macro_mass_balance_exceeds_100g;nutrient_density_exceeds_energy_limit,1,6585,354,520,520,0.02,5.38,7.9,7.9
UK_IE,beverages,data_quality_error,sugars_greater_than_carbs;nutrient_density_exceeds_energy_limit,1,6585,354,520,520,0.02,5.38,7.9,7.9
UK_IE,beverages,energy_macro_inconsistency,energy_macro_difference_15pct_or_more,139,6585,354,520,520,2.11,5.38,7.9,7.9
UK_IE,beverages,energy_macro_inconsistency,energy_macro_difference_15pct_or_more;high_energy_beverage_formula_exception_review,27,6585,354,520,520,0.41,5.38,7.9,7.9
UK_IE,beverages,valid,none,5045,6585,354,520,520,76.61,5.38,7.9,7.9
UK_IE,beverages,valid,energy_macro_difference_15pct_or_more;energy_macro_small_absolute_gap_accepted;low_energy_beverage_macro_gap_accepted,909,6585,354,520,520,13.8,5.38,7.9,7.9
UK_IE,beverages,valid,energy_macro_difference_15pct_or_more;energy_macro_small_absolute_gap_accepted,45,6585,354,520,520,0.68,5.38,7.9,7.9
UK_IE,beverages,valid,energy_macro_difference_15pct_or_more;alcohol_formula_exception_accepted,41,6585,354,520,520,0.62,5.38,7.9,7.9
UK_IE,beverages,valid,energy_macro_difference_15pct_or_more;energy_macro_small_absolute_gap_accepted;low_energy_beverage_macro_gap_accepted;alcohol_formula_exception_accepted,22,6585,354,520,520,0.33,5.38,7.9,7.9
UK_IE,beverages,valid,energy_macro_difference_15pct_or_more;energy_macro_small_absolute_gap_accepted;alcohol_formula_exception_accepted,3,6585,354,520,520,0.05,5.38,7.9,7.9
UK_IE,cereals,data_quality_error,nutrient_density_exceeds_energy_limit,16,1777,31,91,91,0.9,1.74,5.12,5.12
UK_IE,cereals,data_quality_error,macro_mass_balance_exceeds_100g,7,1777,31,91,91,0.39,1.74,5.12,5.12
UK_IE,cereals,data_quality_error,energy_above_900_kcal,3,1777,31,91,91,0.17,1.74,5.12,5.12
UK_IE,cereals,data_quality_error,nutrient_value_above_100g;macro_mass_balance_exceeds_100g;nutrient_density_exceeds_energy_limit,2,1777,31,91,91,0.11,1.74,5.12,5.12
UK_IE,cereals,data_quality_error,energy_above_900_kcal;nutrient_value_above_100g;macro_mass_balance_exceeds_100g,1,1777,31,91,91,0.06,1.74,5.12,5.12
UK_IE,cereals,data_quality_error,saturated_fat_greater_than_fat,1,1777,31,91,91,0.06,1.74,5.12,5.12
UK_IE,cereals,data_quality_error,sugars_greater_than_carbs,1,1777,31,91,91,0.06,1.74,5.12,5.12
UK_IE,cereals,energy_macro_inconsistency,energy_macro_difference_15pct_or_more,60,1777,31,91,91,3.38,1.74,5.12,5.12
UK_IE,cereals,valid,none,1685,1777,31,91,91,94.82,1.74,5.12,5.12
UK_IE,cereals,valid,energy_macro_difference_15pct_or_more;energy_macro_small_absolute_gap_accepted,1,1777,31,91,91,0.06,1.74,5.12,5.12
UK_IE,dairies,data_quality_error,nutrient_density_exceeds_energy_limit,57,5329,104,231,231,1.07,1.95,4.33,4.33
UK_IE,dairies,data_quality_error,energy_above_900_kcal,15,5329,104,231,231,0.28,1.95,4.33,4.33
UK_IE,dairies,data_quality_error,sugars_greater_than_carbs,15,5329,104,231,231,0.28,1.95,4.33,4.33
UK_IE,dairies,data_quality_error,saturated_fat_greater_than_fat,10,5329,104,231,231,0.19,1.95,4.33,4.33
UK_IE,dairies,data_quality_error,macro_mass_balance_exceeds_100g,3,5329,104,231,231,0.06,1.95,4.33,4.33
UK_IE,dairies,data_quality_error,nutrient_value_above_100g,2,5329,104,231,231,0.04,1.95,4.33,4.33
UK_IE,dairies,data_quality_error,energy_above_900_kcal;nutrient_value_above_100g;macro_mass_balance_exceeds_100g,1,5329,104,231,231,0.02,1.95,4.33,4.33
UK_IE,dairies,data_quality_error,nutrient_value_above_100g;macro_mass_balance_exceeds_100g;nutrient_density_exceeds_energy_limit,1,5329,104,231,231,0.02,1.95,4.33,4.33
UK_IE,dairies,energy_macro_inconsistency,energy_macro_difference_15pct_or_more,127,5329,104,231,231,2.38,1.95,4.33,4.33
UK_IE,dairies,valid,none,5049,5329,104,231,231,94.75,1.95,4.33,4.33
UK_IE,dairies,valid,energy_macro_difference_15pct_or_more;energy_macro_small_absolute_gap_accepted,49,5329,104,231,231,0.92,1.95,4.33,4.33
UK_IE,snacks,data_quality_error,nutrient_density_exceeds_energy_limit,147,10781,250,436,436,1.36,2.32,4.04,4.04
UK_IE,snacks,data_quality_error,energy_above_900_kcal,34,10781,250,436,436,0.32,2.32,4.04,4.04
UK_IE,snacks,data_quality_error,macro_mass_balance_exceeds_100g,32,10781,250,436,436,0.3,2.32,4.04,4.04
UK_IE,snacks,data_quality_error,sugars_greater_than_carbs,8,10781,250,436,436,0.07,2.32,4.04,4.04
UK_IE,snacks,data_quality_error,nutrient_value_above_100g;macro_mass_balance_exceeds_100g;nutrient_density_exceeds_energy_limit,6,10781,250,436,436,0.06,2.32,4.04,4.04
UK_IE,snacks,data_quality_error,saturated_fat_greater_than_fat,5,10781,250,436,436,0.05,2.32,4.04,4.04
UK_IE,snacks,data_quality_error,energy_above_900_kcal;nutrient_value_above_100g;macro_mass_balance_exceeds_100g,3,10781,250,436,436,0.03,2.32,4.04,4.04
UK_IE,snacks,data_quality_error,macro_mass_balance_exceeds_100g;nutrient_density_exceeds_energy_limit,2,10781,250,436,436,0.02,2.32,4.04,4.04
UK_IE,snacks,data_quality_error,nutrient_value_above_100g,2,10781,250,436,436,0.02,2.32,4.04,4.04
UK_IE,snacks,data_quality_error,sugars_greater_than_carbs;nutrient_density_exceeds_energy_limit,2,10781,250,436,436,0.02,2.32,4.04,4.04
UK_IE,snacks,data_quality_error,sugars_greater_than_carbs;saturated_fat_greater_than_fat,2,10781,250,436,436,0.02,2.32,4.04,4.04
UK_IE,snacks,data_quality_error,energy_above_900_kcal;macro_mass_balance_exceeds_100g,1,10781,250,436,436,0.01,2.32,4.04,4.04
UK_IE,snacks,data_quality_error,nutrient_value_above_100g;macro_mass_balance_exceeds_100g,1,10781,250,436,436,0.01,2.32,4.04,4.04
UK_IE,snacks,data_quality_error,nutrient_value_above_100g;macro_mass_balance_exceeds_100g;saturated_fat_greater_than_fat;nutrient_density_exceeds_energy_limit,1,10781,250,436,436,0.01,2.32,4.04,4.04
UK_IE,snacks,data_quality_error,nutrient_value_above_100g;macro_mass_balance_exceeds_100g;sugars_greater_than_carbs,1,10781,250,436,436,0.01,2.32,4.04,4.04
UK_IE,snacks,data_quality_error,nutrient_value_above_100g;macro_mass_balance_exceeds_100g;sugars_greater_than_carbs;nutrient_density_exceeds_energy_limit,1,10781,250,436,436,0.01,2.32,4.04,4.04
UK_IE,snacks,data_quality_error,nutrient_value_above_100g;saturated_fat_greater_than_fat,1,10781,250,436,436,0.01,2.32,4.04,4.04
UK_IE,snacks,data_quality_error,nutrient_value_above_100g;sugars_greater_than_carbs,1,10781,250,436,436,0.01,2.32,4.04,4.04
UK_IE,snacks,energy_macro_inconsistency,energy_macro_difference_15pct_or_more,186,10781,250,436,436,1.73,2.32,4.04,4.04
UK_IE,snacks,valid,none,10337,10781,250,436,436,95.88,2.32,4.04,4.04
UK_IE,snacks,valid,energy_macro_difference_15pct_or_more;energy_macro_small_absolute_gap_accepted,8,10781,250,436,436,0.07,2.32,4.04,4.04
US_CANADA,beverages,data_quality_error,nutrient_density_exceeds_energy_limit,303,49352,410,540,540,0.61,0.83,1.09,1.09
US_CANADA,beverages,data_quality_error,saturated_fat_greater_than_fat,48,49352,410,540,540,0.1,0.83,1.09,1.09
US_CANADA,beverages,data_quality_error,sugars_greater_than_carbs,18,49352,410,540,540,0.04,0.83,1.09,1.09
US_CANADA,beverages,data_quality_error,energy_above_900_kcal,11,49352,410,540,540,0.02,0.83,1.09,1.09
US_CANADA,beverages,data_quality_error,nutrient_value_above_100g,6,49352,410,540,540,0.01,0.83,1.09,1.09
US_CANADA,beverages,data_quality_error,sugars_greater_than_carbs;saturated_fat_greater_than_fat,6,49352,410,540,540,0.01,0.83,1.09,1.09
US_CANADA,beverages,data_quality_error,saturated_fat_greater_than_fat;nutrient_density_exceeds_energy_limit,5,49352,410,540,540,0.01,0.83,1.09,1.09
US_CANADA,beverages,data_quality_error,energy_above_900_kcal;nutrient_value_above_100g;macro_mass_balance_exceeds_100g,3,49352,410,540,540,0.01,0.83,1.09,1.09
US_CANADA,beverages,data_quality_error,macro_mass_balance_exceeds_100g,3,49352,410,540,540,0.01,0.83,1.09,1.09
US_CANADA,beverages,data_quality_error,energy_above_900_kcal;saturated_fat_greater_than_fat,2,49352,410,540,540,0.0,0.83,1.09,1.09
US_CANADA,beverages,data_quality_error,sugars_greater_than_carbs;nutrient_density_exceeds_energy_limit,2,49352,410,540,540,0.0,0.83,1.09,1.09
US_CANADA,beverages,data_quality_error,energy_above_900_kcal;nutrient_value_above_100g,1,49352,410,540,540,0.0,0.83,1.09,1.09
US_CANADA,beverages,data_quality_error,nutrient_value_above_100g;macro_mass_balance_exceeds_100g;nutrient_density_exceeds_energy_limit,1,49352,410,540,540,0.0,0.83,1.09,1.09
US_CANADA,beverages,data_quality_error,sugars_greater_than_carbs;saturated_fat_greater_than_fat;nutrient_density_exceeds_energy_limit,1,49352,410,540,540,0.0,0.83,1.09,1.09
US_CANADA,beverages,energy_macro_inconsistency,energy_macro_difference_15pct_or_more,123,49352,410,540,540,0.25,0.83,1.09,1.09
US_CANADA,beverages,energy_macro_inconsistency,energy_macro_difference_15pct_or_more;high_energy_beverage_formula_exception_review,7,49352,410,540,540,0.01,0.83,1.09,1.09
US_CANADA,beverages,valid,none,48521,49352,410,540,540,98.32,0.83,1.09,1.09
US_CANADA,beverages,valid,energy_macro_difference_15pct_or_more;energy_macro_small_absolute_gap_accepted;low_energy_beverage_macro_gap_accepted,268,49352,410,540,540,0.54,0.83,1.09,1.09
US_CANADA,beverages,valid,energy_macro_difference_15pct_or_more;energy_macro_small_absolute_gap_accepted,11,49352,410,540,540,0.02,0.83,1.09,1.09
US_CANADA,beverages,valid,energy_macro_difference_15pct_or_more;alcohol_formula_exception_accepted,7,49352,410,540,540,0.01,0.83,1.09,1.09
US_CANADA,beverages,valid,energy_macro_difference_15pct_or_more;energy_macro_small_absolute_gap_accepted;low_energy_beverage_macro_gap_accepted;alcohol_formula_exception_accepted,5,49352,410,540,540,0.01,0.83,1.09,1.09
US_CANADA,cereals,data_quality_error,nutrient_density_exceeds_energy_limit,57,8226,117,359,359,0.69,1.42,4.36,4.36
US_CANADA,cereals,data_quality_error,macro_mass_balance_exceeds_100g,20,8226,117,359,359,0.24,1.42,4.36,4.36
US_CANADA,cereals,data_quality_error,energy_above_900_kcal,9,8226,117,359,359,0.11,1.42,4.36,4.36
US_CANADA,cereals,data_quality_error,nutrient_value_above_100g;macro_mass_balance_exceeds_100g,9,8226,117,359,359,0.11,1.42,4.36,4.36
US_CANADA,cereals,data_quality_error,nutrient_value_above_100g;macro_mass_balance_exceeds_100g;nutrient_density_exceeds_energy_limit,8,8226,117,359,359,0.1,1.42,4.36,4.36
US_CANADA,cereals,data_quality_error,nutrient_value_above_100g,6,8226,117,359,359,0.07,1.42,4.36,4.36
US_CANADA,cereals,data_quality_error,energy_above_900_kcal;nutrient_value_above_100g;macro_mass_balance_exceeds_100g,4,8226,117,359,359,0.05,1.42,4.36,4.36
US_CANADA,cereals,data_quality_error,saturated_fat_greater_than_fat,2,8226,117,359,359,0.02,1.42,4.36,4.36
US_CANADA,cereals,data_quality_error,energy_above_900_kcal;nutrient_value_above_100g;macro_mass_balance_exceeds_100g;nutrient_density_exceeds_energy_limit,1,8226,117,359,359,0.01,1.42,4.36,4.36
US_CANADA,cereals,data_quality_error,macro_mass_balance_exceeds_100g;nutrient_density_exceeds_energy_limit,1,8226,117,359,359,0.01,1.42,4.36,4.36
US_CANADA,cereals,energy_macro_inconsistency,energy_macro_difference_15pct_or_more,242,8226,117,359,359,2.94,1.42,4.36,4.36
US_CANADA,cereals,valid,none,7864,8226,117,359,359,95.6,1.42,4.36,4.36
US_CANADA,cereals,valid,energy_macro_difference_15pct_or_more;energy_macro_small_absolute_gap_accepted,3,8226,117,359,359,0.04,1.42,4.36,4.36
US_CANADA,dairies,data_quality_error,sugars_greater_than_carbs,49,26127,151,373,373,0.19,0.58,1.43,1.43
US_CANADA,dairies,data_quality_error,nutrient_density_exceeds_energy_limit,43,26127,151,373,373,0.16,0.58,1.43,1.43
US_CANADA,dairies,data_quality_error,saturated_fat_greater_than_fat,20,26127,151,373,373,0.08,0.58,1.43,1.43
US_CANADA,dairies,data_quality_error,nutrient_value_above_100g,7,26127,151,373,373,0.03,0.58,1.43,1.43
US_CANADA,dairies,data_quality_error,nutrient_value_above_100g;macro_mass_balance_exceeds_100g;nutrient_density_exceeds_energy_limit,7,26127,151,373,373,0.03,0.58,1.43,1.43
US_CANADA,dairies,data_quality_error,energy_above_900_kcal,5,26127,151,373,373,0.02,0.58,1.43,1.43
US_CANADA,dairies,data_quality_error,macro_mass_balance_exceeds_100g,5,26127,151,373,373,0.02,0.58,1.43,1.43
US_CANADA,dairies,data_quality_error,sugars_greater_than_carbs;saturated_fat_greater_than_fat,4,26127,151,373,373,0.02,0.58,1.43,1.43
US_CANADA,dairies,data_quality_error,nutrient_value_above_100g;sugars_greater_than_carbs,3,26127,151,373,373,0.01,0.58,1.43,1.43
US_CANADA,dairies,data_quality_error,energy_above_900_kcal;nutrient_value_above_100g;macro_mass_balance_exceeds_100g,2,26127,151,373,373,0.01,0.58,1.43,1.43
US_CANADA,dairies,data_quality_error,macro_mass_balance_exceeds_100g;nutrient_density_exceeds_energy_limit,2,26127,151,373,373,0.01,0.58,1.43,1.43
US_CANADA,dairies,data_quality_error,energy_above_900_kcal;macro_mass_balance_exceeds_100g,1,26127,151,373,373,0.0,0.58,1.43,1.43
US_CANADA,dairies,data_quality_error,energy_above_900_kcal;nutrient_value_above_100g;macro_mass_balance_exceeds_100g;nutrient_density_exceeds_energy_limit,1,26127,151,373,373,0.0,0.58,1.43,1.43
US_CANADA,dairies,data_quality_error,nutrient_value_above_100g;macro_mass_balance_exceeds_100g;sugars_greater_than_carbs;nutrient_density_exceeds_energy_limit,1,26127,151,373,373,0.0,0.58,1.43,1.43
US_CANADA,dairies,data_quality_error,nutrient_value_above_100g;saturated_fat_greater_than_fat,1,26127,151,373,373,0.0,0.58,1.43,1.43
US_CANADA,dairies,energy_macro_inconsistency,energy_macro_difference_15pct_or_more,222,26127,151,373,373,0.85,0.58,1.43,1.43
US_CANADA,dairies,valid,none,25637,26127,151,373,373,98.12,0.58,1.43,1.43
US_CANADA,dairies,valid,energy_macro_difference_15pct_or_more;energy_macro_small_absolute_gap_accepted,117,26127,151,373,373,0.45,0.58,1.43,1.43
US_CANADA,snacks,data_quality_error,macro_mass_balance_exceeds_100g,124,66041,359,913,913,0.19,0.54,1.38,1.38
US_CANADA,snacks,data_quality_error,nutrient_density_exceeds_energy_limit,99,66041,359,913,913,0.15,0.54,1.38,1.38
US_CANADA,snacks,data_quality_error,energy_above_900_kcal,40,66041,359,913,913,0.06,0.54,1.38,1.38
US_CANADA,snacks,data_quality_error,nutrient_value_above_100g;macro_mass_balance_exceeds_100g;nutrient_density_exceeds_energy_limit,27,66041,359,913,913,0.04,0.54,1.38,1.38
US_CANADA,snacks,data_quality_error,sugars_greater_than_carbs,19,66041,359,913,913,0.03,0.54,1.38,1.38
US_CANADA,snacks,data_quality_error,saturated_fat_greater_than_fat,16,66041,359,913,913,0.02,0.54,1.38,1.38
US_CANADA,snacks,data_quality_error,nutrient_value_above_100g,14,66041,359,913,913,0.02,0.54,1.38,1.38
US_CANADA,snacks,data_quality_error,energy_above_900_kcal;nutrient_value_above_100g;macro_mass_balance_exceeds_100g,8,66041,359,913,913,0.01,0.54,1.38,1.38
US_CANADA,snacks,data_quality_error,sugars_greater_than_carbs;nutrient_density_exceeds_energy_limit,3,66041,359,913,913,0.0,0.54,1.38,1.38
US_CANADA,snacks,data_quality_error,macro_mass_balance_exceeds_100g;nutrient_density_exceeds_energy_limit,2,66041,359,913,913,0.0,0.54,1.38,1.38
US_CANADA,snacks,data_quality_error,nutrient_value_above_100g;macro_mass_balance_exceeds_100g,2,66041,359,913,913,0.0,0.54,1.38,1.38
US_CANADA,snacks,data_quality_error,saturated_fat_greater_than_fat;nutrient_density_exceeds_energy_limit,2,66041,359,913,913,0.0,0.54,1.38,1.38
US_CANADA,snacks,data_quality_error,energy_above_900_kcal;macro_mass_balance_exceeds_100g,1,66041,359,913,913,0.0,0.54,1.38,1.38
US_CANADA,snacks,data_quality_error,nutrient_value_above_100g;macro_mass_balance_exceeds_100g;sugars_greater_than_carbs;nutrient_density_exceeds_energy_limit,1,66041,359,913,913,0.0,0.54,1.38,1.38
US_CANADA,snacks,data_quality_error,nutrient_value_above_100g;nutrient_density_exceeds_energy_limit,1,66041,359,913,913,0.0,0.54,1.38,1.38
US_CANADA,snacks,energy_macro_inconsistency,energy_macro_difference_15pct_or_more,554,66041,359,913,913,0.84,0.54,1.38,1.38
US_CANADA,snacks,valid,none,65120,66041,359,913,913,98.61,0.54,1.38,1.38
US_CANADA,snacks,valid,energy_macro_difference_15pct_or_more;energy_macro_small_absolute_gap_accepted,8,66041,359,913,913,0.01,0.54,1.38,1.38
