parent_company_source,official_brand_name,canonical_brand,brand_key,default_assigned_company,default_relationship_type,regional_exception_flag,exception_region_code,exception_region_name,exception_assigned_company,exception_relationship_type,ownership_resolution_status,market_scope,category_scope,source_1_nestle_official_brand_list,source_2_regional_exception_matrix,notes
Nestlé,Acqua Panna,Acqua Panna,acqua panna,Nestlé,Official Nestlé brand,no,,,,,direct,Global,food_beverage,https://www.nestle.com/brands/brandssearchlist,,Official Nestlé A-Z brand list
Nestlé,Aero,Aero,aero,Nestlé,Official Nestlé brand,no,,,,,direct,Global,food_beverage,https://www.nestle.com/brands/brandssearchlist,,Official Nestlé A-Z brand list
Nestlé,Alfamino,Alfamino,alfamino,Nestlé,Official Nestlé brand,no,,,,,direct,Global,health_science,https://www.nestle.com/brands/brandssearchlist,,Official Nestlé A-Z brand list; likely outside food/beverage MVP scope
Nestlé,Alpo,Alpo,alpo,Nestlé,Official Nestlé brand,no,,,,,direct,Global,petcare,https://www.nestle.com/brands/brandssearchlist,,Official Nestlé A-Z brand list; likely outside food/beverage MVP scope
Nestlé,Antica Gelateria Del Corso,Antica Gelateria Del Corso,antica gelateria del corso,Nestlé,Official Nestlé brand,no,,,,,direct,Global,food_beverage,https://www.nestle.com/brands/brandssearchlist,,Official Nestlé A-Z brand list
Nestlé,Baci Perugina,Baci Perugina,baci perugina,Nestlé,Official Nestlé brand,no,,,,,direct,Global,food_beverage,https://www.nestle.com/brands/brandssearchlist,,Official Nestlé A-Z brand list
Nestlé,Bakers,Bakers,bakers,Nestlé,Official Nestlé brand,no,,,,,direct,Global,petcare,https://www.nestle.com/brands/brandssearchlist,,Official Nestlé A-Z brand list; likely outside food/beverage MVP scope
Nestlé,Bear Brand,Bear Brand,bear brand,Nestlé,Official Nestlé brand,no,,,,,direct,Global,food_beverage,https://www.nestle.com/brands/brandssearchlist,,Official Nestlé A-Z brand list
Nestlé,Beggin',Beggin',beggin,Nestlé,Official Nestlé brand,no,,,,,direct,Global,petcare,https://www.nestle.com/brands/brandssearchlist,,Official Nestlé A-Z brand list; likely outside food/beverage MVP scope
Nestlé,Beneful,Beneful,beneful,Nestlé,Official Nestlé brand,no,,,,,direct,Global,petcare,https://www.nestle.com/brands/brandssearchlist,,Official Nestlé A-Z brand list; likely outside food/beverage MVP scope
Nestlé,Beyond,Beyond,beyond,Nestlé,Official Nestlé brand,no,,,,,direct,Global,petcare,https://www.nestle.com/brands/brandssearchlist,,Official Nestlé A-Z brand list; likely outside food/beverage MVP scope
Nestlé,Boost,Boost,boost,Nestlé,Official Nestlé brand,no,,,,,direct,Global,food_beverage,https://www.nestle.com/brands/brandssearchlist,,Official Nestlé A-Z brand list
Nestlé,Buitoni,Buitoni,buitoni,Nestlé,Official Nestlé brand,no,,,,,direct,Global,food_beverage,https://www.nestle.com/brands/brandssearchlist,,Official Nestlé A-Z brand list
Nestlé,Busy Bone,Busy Bone,busy bone,Nestlé,Official Nestlé brand,no,,,,,direct,Global,petcare,https://www.nestle.com/brands/brandssearchlist,,Official Nestlé A-Z brand list; likely outside food/beverage MVP scope
Nestlé,Buxton,Buxton,buxton,Nestlé,Official Nestlé brand,no,,,,,direct,Global,food_beverage,https://www.nestle.com/brands/brandssearchlist,,Official Nestlé A-Z brand list
Nestlé,Cailler,Cailler,cailler,Nestlé,Official Nestlé brand,no,,,,,direct,Global,food_beverage,https://www.nestle.com/brands/brandssearchlist,,Official Nestlé A-Z brand list
Nestlé,Carnation,Carnation,carnation,Nestlé,Official Nestlé brand,no,,,,,direct,Global,food_beverage,https://www.nestle.com/brands/brandssearchlist,,Official Nestlé A-Z brand list; duplicate listing collapsed to one matrix row
Nestlé,Cat Chow,Cat Chow,cat chow,Nestlé,Official Nestlé brand,no,,,,,direct,Global,petcare,https://www.nestle.com/brands/brandssearchlist,,Official Nestlé A-Z brand list; likely outside food/beverage MVP scope
Nestlé,Cerelac,Cerelac,cerelac,Nestlé,Official Nestlé brand,no,,,,,direct,Global,food_beverage,https://www.nestle.com/brands/brandssearchlist,,Official Nestlé A-Z brand list
Nestlé,Cheerios,Cheerios,cheerios,Nestlé,Official Nestlé brand,yes,US,United States,General Mills,Trademark / regional owner,market_scoped,US,food_beverage,https://www.nestle.com/brands/brandssearchlist,C:/Users/julia/OneDrive/Desktop/Downloads_temp/nestle_brand_regional_exception_matrix.csv,Exception file assigns Cheerios to General Mills in the US
Nestlé,Cheerios,Cheerios,cheerios,Nestlé,Official Nestlé brand,yes,CA,Canada,General Mills,Trademark / regional owner,market_scoped,Canada,food_beverage,https://www.nestle.com/brands/brandssearchlist,C:/Users/julia/OneDrive/Desktop/Downloads_temp/nestle_brand_regional_exception_matrix.csv,Exception file assigns Cheerios to General Mills in Canada
Nestlé,Cheerios,Cheerios,cheerios,Nestlé,Official Nestlé brand,yes,ROW,Rest of World,Cereal Partners Worldwide (Nestlé/General Mills JV),Joint Venture,market_scoped,Rest of World,food_beverage,https://www.nestle.com/brands/brandssearchlist,C:/Users/julia/OneDrive/Desktop/Downloads_temp/nestle_brand_regional_exception_matrix.csv,Exception file assigns Cheerios ROW to CPW
Nestlé,Chef,Chef,chef,Nestlé,Official Nestlé brand,no,,,,,direct,Global,food_beverage,https://www.nestle.com/brands/brandssearchlist,,Official Nestlé A-Z brand list
Nestlé,Chocapic,Chocapic,chocapic,Nestlé,Official Nestlé brand,yes,GLOBAL,Global,Cereal Partners Worldwide (Nestlé/General Mills JV),Joint Venture,market_scoped,Global,food_beverage,https://www.nestle.com/brands/brandssearchlist,C:/Users/julia/OneDrive/Desktop/Downloads_temp/nestle_brand_regional_exception_matrix.csv,Exception file assigns Chocapic to CPW
Nestlé,Cini Minis,Cini Minis,cini minis,Nestlé,Official Nestlé brand,no,,,,,direct,Global,food_beverage,https://www.nestle.com/brands/brandssearchlist,,Official Nestlé A-Z brand list
Nestlé,Coffee mate,Coffee mate,coffee mate,Nestlé,Official Nestlé brand,no,,,,,direct,Global,food_beverage,https://www.nestle.com/brands/brandssearchlist,,Official Nestlé A-Z brand list
Nestlé,Compleat,Compleat,compleat,Nestlé,Official Nestlé brand,no,,,,,direct,Global,health_science,https://www.nestle.com/brands/brandssearchlist,,Official Nestlé A-Z brand list; likely outside food/beverage MVP scope
Nestlé,Contrex,Contrex,contrex,Nestlé,Official Nestlé brand,no,,,,,direct,Global,food_beverage,https://www.nestle.com/brands/brandssearchlist,,Official Nestlé A-Z brand list
Nestlé,Corn Flakes,Corn Flakes,corn flakes,Nestlé,Official Nestlé brand,no,,,,,direct,Global,food_beverage,https://www.nestle.com/brands/brandssearchlist,,Official Nestlé A-Z brand list
Nestlé,Damak,Damak,damak,Nestlé,Official Nestlé brand,no,,,,,direct,Global,food_beverage,https://www.nestle.com/brands/brandssearchlist,,Official Nestlé A-Z brand list
Nestlé,Dentalife,Dentalife,dentalife,Nestlé,Official Nestlé brand,no,,,,,direct,Global,petcare,https://www.nestle.com/brands/brandssearchlist,,Official Nestlé A-Z brand list; likely outside food/beverage MVP scope
Nestlé,DiGiorno,DiGiorno,digiorno,Nestlé,Official Nestlé brand,no,,,,,direct,Global,food_beverage,https://www.nestle.com/brands/brandssearchlist,,Official Nestlé A-Z brand list
Nestlé,Dog Chow,Dog Chow,dog chow,Nestlé,Official Nestlé brand,no,,,,,direct,Global,petcare,https://www.nestle.com/brands/brandssearchlist,,Official Nestlé A-Z brand list; likely outside food/beverage MVP scope
Nestlé,Drumstick,Drumstick,drumstick,Nestlé,Official Nestlé brand,yes,GLOBAL,Global,Froneri (Nestlé JV),Joint Venture,market_scoped,Global,food_beverage,https://www.nestle.com/brands/brandssearchlist,C:/Users/julia/OneDrive/Desktop/Downloads_temp/nestle_brand_regional_exception_matrix.csv,Exception file assigns Drumstick to Froneri
Nestlé,Erikli,Erikli,erikli,Nestlé,Official Nestlé brand,no,,,,,direct,Global,food_beverage,https://www.nestle.com/brands/brandssearchlist,,Official Nestlé A-Z brand list
Nestlé,Essentia,Essentia,essentia,Nestlé,Official Nestlé brand,no,,,,,direct,Global,food_beverage,https://www.nestle.com/brands/brandssearchlist,,Official Nestlé A-Z brand list
Nestlé,Extrême,Extrême,extreme,Nestlé,Official Nestlé brand,yes,GLOBAL,Global,Froneri (Nestlé JV),Joint Venture,market_scoped,Global,food_beverage,https://www.nestle.com/brands/brandssearchlist,C:/Users/julia/OneDrive/Desktop/Downloads_temp/nestle_brand_regional_exception_matrix.csv,Exception file assigns Extrême to Froneri
Nestlé,Fancy Feast,Fancy Feast,fancy feast,Nestlé,Official Nestlé brand,no,,,,,direct,Global,petcare,https://www.nestle.com/brands/brandssearchlist,,Official Nestlé A-Z brand list; likely outside food/beverage MVP scope
Nestlé,Felix,Felix,felix,Nestlé,Official Nestlé brand,no,,,,,direct,Global,petcare,https://www.nestle.com/brands/brandssearchlist,,Official Nestlé A-Z brand list; likely outside food/beverage MVP scope
Nestlé,Fitness,Fitness,fitness,Nestlé,Official Nestlé brand,yes,GLOBAL,Global,Cereal Partners Worldwide (Nestlé/General Mills JV),Joint Venture,market_scoped,Global,food_beverage,https://www.nestle.com/brands/brandssearchlist,C:/Users/julia/OneDrive/Desktop/Downloads_temp/nestle_brand_regional_exception_matrix.csv,Exception file names this brand Fitness Cereal; official Nestlé A-Z extract names it Fitness
Nestlé,Friskies,Friskies,friskies,Nestlé,Official Nestlé brand,no,,,,,direct,Global,petcare,https://www.nestle.com/brands/brandssearchlist,,Official Nestlé A-Z brand list; likely outside food/beverage MVP scope
Nestlé,Garden Gourmet,Garden Gourmet,garden gourmet,Nestlé,Official Nestlé brand,no,,,,,direct,Global,food_beverage,https://www.nestle.com/brands/brandssearchlist,,Official Nestlé A-Z brand list
Nestlé,Garden Gourmet and Harvest Gourmet,Garden Gourmet and Harvest Gourmet,garden gourmet and harvest gourmet,Nestlé,Official Nestlé brand,no,,,,,direct,Global,food_beverage,https://www.nestle.com/brands/brandssearchlist,,Official Nestlé A-Z brand list
Nestlé,Garden of Life,Garden of Life,garden of life,Nestlé,Official Nestlé brand,no,,,,,direct,Global,health_science,https://www.nestle.com/brands/brandssearchlist,,Official Nestlé A-Z brand list; likely outside food/beverage MVP scope
Nestlé,Garoto,Garoto,garoto,Nestlé,Official Nestlé brand,no,,,,,direct,Global,food_beverage,https://www.nestle.com/brands/brandssearchlist,,Official Nestlé A-Z brand list
Nestlé,Gerber,Gerber,gerber,Nestlé,Official Nestlé brand,no,,,,,direct,Global,food_beverage,https://www.nestle.com/brands/brandssearchlist,,Official Nestlé A-Z brand list
Nestlé,Gourmet,Gourmet,gourmet,Nestlé,Official Nestlé brand,no,,,,,direct,Global,petcare,https://www.nestle.com/brands/brandssearchlist,,Official Nestlé A-Z brand list; likely outside food/beverage MVP scope
Nestlé,Häagen-Dazs,Häagen-Dazs,haagen-dazs,Nestlé,Official Nestlé brand,yes,US,United States,Froneri (Nestlé JV),Joint Venture (Licensed),market_scoped,US,food_beverage,https://www.nestle.com/brands/brandssearchlist,C:/Users/julia/OneDrive/Desktop/Downloads_temp/nestle_brand_regional_exception_matrix.csv,Exception file assigns Häagen-Dazs US to Froneri
Nestlé,Häagen-Dazs,Häagen-Dazs,haagen-dazs,Nestlé,Official Nestlé brand,yes,CA,Canada,Froneri (Nestlé JV),Joint Venture (Licensed),market_scoped,Canada,food_beverage,https://www.nestle.com/brands/brandssearchlist,C:/Users/julia/OneDrive/Desktop/Downloads_temp/nestle_brand_regional_exception_matrix.csv,Exception file assigns Häagen-Dazs Canada to Froneri
Nestlé,Häagen-Dazs,Häagen-Dazs,haagen-dazs,Nestlé,Official Nestlé brand,yes,ROW,Rest of World,General Mills,Trademark / regional owner,market_scoped,Rest of World,food_beverage,https://www.nestle.com/brands/brandssearchlist,C:/Users/julia/OneDrive/Desktop/Downloads_temp/nestle_brand_regional_exception_matrix.csv,Exception file assigns Häagen-Dazs ROW to General Mills
Nestlé,HENNIEZ,HENNIEZ,henniez,Nestlé,Official Nestlé brand,no,,,,,direct,Global,food_beverage,https://www.nestle.com/brands/brandssearchlist,,Official Nestlé A-Z brand list
Nestlé,Hépar,Hépar,hepar,Nestlé,Official Nestlé brand,no,,,,,direct,Global,food_beverage,https://www.nestle.com/brands/brandssearchlist,,Official Nestlé A-Z brand list
Nestlé,Hot Pockets,Hot Pockets,hot pockets,Nestlé,Official Nestlé brand,no,,,,,direct,Global,food_beverage,https://www.nestle.com/brands/brandssearchlist,,Official Nestlé A-Z brand list
Nestlé,Hsu Fu Chi,Hsu Fu Chi,hsu fu chi,Nestlé,Official Nestlé brand,no,,,,,direct,Global,food_beverage,https://www.nestle.com/brands/brandssearchlist,,Official Nestlé A-Z brand list
Nestlé,Impact,Impact,impact,Nestlé,Official Nestlé brand,no,,,,,direct,Global,health_science,https://www.nestle.com/brands/brandssearchlist,,Official Nestlé A-Z brand list; likely outside food/beverage MVP scope
Nestlé,KitKat,KitKat,kitkat,Nestlé,Official Nestlé brand,yes,US,United States,The Hershey Company,Licensed Perpetual,market_scoped,US,food_beverage,https://www.nestle.com/brands/brandssearchlist,C:/Users/julia/OneDrive/Desktop/Downloads_temp/nestle_brand_regional_exception_matrix.csv,Exception file assigns KitKat US to Hershey
Nestlé,KitKat,KitKat,kitkat,Nestlé,Official Nestlé brand,yes,ROW,Rest of World,Nestlé,Wholly Owned,market_scoped,Rest of World,food_beverage,https://www.nestle.com/brands/brandssearchlist,C:/Users/julia/OneDrive/Desktop/Downloads_temp/nestle_brand_regional_exception_matrix.csv,Exception file assigns KitKat ROW to Nestlé
Nestlé,KitKat Cereal,KitKat Cereal,kitkat cereal,Nestlé,Official Nestlé brand,no,,,,,direct,Global,food_beverage,https://www.nestle.com/brands/brandssearchlist,,Official Nestlé A-Z brand list
Nestlé,KitKat Professional,KitKat Professional,kitkat professional,Nestlé,Official Nestlé brand,no,,,,,direct,Global,food_beverage,https://www.nestle.com/brands/brandssearchlist,,Official Nestlé A-Z brand list
Nestlé,Koko Krunch,Koko Krunch,koko krunch,Nestlé,Official Nestlé brand,no,,,,,direct,Global,food_beverage,https://www.nestle.com/brands/brandssearchlist,,Official Nestlé A-Z brand list
Nestlé,La Lechera,La Lechera,la lechera,Nestlé,Official Nestlé brand,no,,,,,direct,Global,food_beverage,https://www.nestle.com/brands/brandssearchlist,,Official Nestlé A-Z brand list
Nestlé,La Vie,La Vie,la vie,Nestlé,Official Nestlé brand,no,,,,,direct,Global,food_beverage,https://www.nestle.com/brands/brandssearchlist,,Official Nestlé A-Z brand list
Nestlé,Lean Cuisine,Lean Cuisine,lean cuisine,Nestlé,Official Nestlé brand,no,,,,,direct,Global,food_beverage,https://www.nestle.com/brands/brandssearchlist,,Official Nestlé A-Z brand list
Nestlé,Levissima,Levissima,levissima,Nestlé,Official Nestlé brand,no,,,,,direct,Global,food_beverage,https://www.nestle.com/brands/brandssearchlist,,Official Nestlé A-Z brand list
Nestlé,Life Cuisine,Life Cuisine,life cuisine,Nestlé,Official Nestlé brand,no,,,,,direct,Global,food_beverage,https://www.nestle.com/brands/brandssearchlist,,Official Nestlé A-Z brand list
Nestlé,Lily's Kitchen,Lily's Kitchen,lily's kitchen,Nestlé,Official Nestlé brand,no,,,,,direct,Global,petcare,https://www.nestle.com/brands/brandssearchlist,,Official Nestlé A-Z brand list; likely outside food/beverage MVP scope
Nestlé,Lion Cereals,Lion Cereals,lion cereals,Nestlé,Official Nestlé brand,yes,GLOBAL,Global,Cereal Partners Worldwide (Nestlé/General Mills JV),Joint Venture,market_scoped,Global,food_beverage,https://www.nestle.com/brands/brandssearchlist,C:/Users/julia/OneDrive/Desktop/Downloads_temp/nestle_brand_regional_exception_matrix.csv,Exception file assigns Lion Cereal to CPW
Nestlé,Maggi,Maggi,maggi,Nestlé,Official Nestlé brand,no,,,,,direct,Global,food_beverage,https://www.nestle.com/brands/brandssearchlist,,Official Nestlé A-Z brand list
Nestlé,Maggi Professional,Maggi Professional,maggi professional,Nestlé,Official Nestlé brand,no,,,,,direct,Global,food_beverage,https://www.nestle.com/brands/brandssearchlist,,Official Nestlé A-Z brand list
Nestlé,Materna,Materna,materna,Nestlé,Official Nestlé brand,no,,,,,direct,Global,health_science,https://www.nestle.com/brands/brandssearchlist,,Official Nestlé A-Z brand list; likely outside food/beverage MVP scope
Nestlé,Maxibon,Maxibon,maxibon,Nestlé,Official Nestlé brand,yes,GLOBAL,Global,Froneri (Nestlé JV),Joint Venture,market_scoped,Global,food_beverage,https://www.nestle.com/brands/brandssearchlist,C:/Users/julia/OneDrive/Desktop/Downloads_temp/nestle_brand_regional_exception_matrix.csv,Exception file assigns Maxibon to Froneri
Nestlé,Merrick,Merrick,merrick,Nestlé,Official Nestlé brand,no,,,,,direct,Global,petcare,https://www.nestle.com/brands/brandssearchlist,,Official Nestlé A-Z brand list; likely outside food/beverage MVP scope
Nestlé,Milkybar,Milkybar,milkybar,Nestlé,Official Nestlé brand,no,,,,,direct,Global,food_beverage,https://www.nestle.com/brands/brandssearchlist,,Official Nestlé A-Z brand list
Nestlé,Milo,Milo,milo,Nestlé,Official Nestlé brand,no,,,,,direct,Global,food_beverage,https://www.nestle.com/brands/brandssearchlist,,Official Nestlé A-Z brand list
Nestlé,Minor's,Minor's,minors,Nestlé,Official Nestlé brand,no,,,,,direct,Global,food_beverage,https://www.nestle.com/brands/brandssearchlist,,Official Nestlé A-Z brand list
Nestlé,Molico,Molico,molico,Nestlé,Official Nestlé brand,no,,,,,direct,Global,food_beverage,https://www.nestle.com/brands/brandssearchlist,,Official Nestlé A-Z brand list
Nestlé,Mövenpick,Mövenpick,movenpick,Nestlé,Official Nestlé brand,yes,GLOBAL,Global,Froneri (Nestlé JV),Joint Venture,market_scoped,Global,food_beverage,https://www.nestle.com/brands/brandssearchlist,C:/Users/julia/OneDrive/Desktop/Downloads_temp/nestle_brand_regional_exception_matrix.csv,Exception file row is Mövenpick (Ice Cream); matrix canonicalized to official brand Mövenpick
Nestlé,Munch,Munch,munch,Nestlé,Official Nestlé brand,no,,,,,direct,Global,food_beverage,https://www.nestle.com/brands/brandssearchlist,,Official Nestlé A-Z brand list
Nestlé,Nałęczowianka,Nałęczowianka,naleczowianka,Nestlé,Official Nestlé brand,no,,,,,direct,Global,food_beverage,https://www.nestle.com/brands/brandssearchlist,,Official Nestlé A-Z brand list
Nestlé,Nancare,Nancare,nancare,Nestlé,Official Nestlé brand,no,,,,,direct,Global,health_science,https://www.nestle.com/brands/brandssearchlist,,Official Nestlé A-Z brand list; likely outside food/beverage MVP scope
Nestlé,Nescafé,Nescafé,nescafe,Nestlé,Official Nestlé brand,no,,,,,direct,Global,food_beverage,https://www.nestle.com/brands/brandssearchlist,,Official Nestlé A-Z brand list
Nestlé,Nescafé Dolce Gusto,Nescafé Dolce Gusto,nescafe dolce gusto,Nestlé,Official Nestlé brand,no,,,,,direct,Global,food_beverage,https://www.nestle.com/brands/brandssearchlist,,Official Nestlé A-Z brand list
Nestlé,Nespresso,Nespresso,nespresso,Nestlé,Official Nestlé brand,no,,,,,direct,Global,food_beverage,https://www.nestle.com/brands/brandssearchlist,,Official Nestlé A-Z brand list
Nestlé,Nesquik,Nesquik,nesquik,Nestlé,Official Nestlé brand,no,,,,,direct,Global,food_beverage,https://www.nestle.com/brands/brandssearchlist,,Official Nestlé A-Z brand list
Nestlé,Nesquik Cereal,Nesquik Cereal,nesquik cereal,Nestlé,Official Nestlé brand,yes,North America,US & Canada,General Mills,Market-scoped cereal ownership,market_scoped,US & Canada,food_beverage,https://www.nestle.com/brands/brandssearchlist,C:/Users/julia/OneDrive/Desktop/Downloads_temp/nestle_brand_regional_exception_matrix.csv,Exception file assigns Nesquik Cereal North America to General Mills
Nestlé,Nesquik Cereal,Nesquik Cereal,nesquik cereal,Nestlé,Official Nestlé brand,yes,ROW,Rest of World,Cereal Partners Worldwide (Nestlé/General Mills JV),Joint Venture,market_scoped,Rest of World,food_beverage,https://www.nestle.com/brands/brandssearchlist,C:/Users/julia/OneDrive/Desktop/Downloads_temp/nestle_brand_regional_exception_matrix.csv,Exception file assigns Nesquik Cereal ROW to CPW
Nestlé,Nestea,Nestea,nestea,Nestlé,Official Nestlé brand,no,,,,,direct,Global,food_beverage,https://www.nestle.com/brands/brandssearchlist,,Official Nestlé A-Z brand list
Nestlé,Nestlé Pure Life,Nestlé Pure Life,nestle pure life,Nestlé,Official Nestlé brand,no,,,,,direct,Global,food_beverage,https://www.nestle.com/brands/brandssearchlist,,Official Nestlé A-Z brand list
Nestlé,Nestlé Sustainably Sourced Cocoa,Nestlé Sustainably Sourced Cocoa,nestle sustainably sourced cocoa,Nestlé,Official Nestlé brand,no,,,,,direct,Global,food_beverage,https://www.nestle.com/brands/brandssearchlist,,Official Nestlé A-Z brand list
Nestlé,Nestlé Vital,Nestlé Vital,nestle vital,Nestlé,Official Nestlé brand,no,,,,,direct,Global,food_beverage,https://www.nestle.com/brands/brandssearchlist,,Official Nestlé A-Z brand list
Nestlé,Nestum,Nestum,nestum,Nestlé,Official Nestlé brand,no,,,,,direct,Global,food_beverage,https://www.nestle.com/brands/brandssearchlist,,Official Nestlé A-Z brand list
Nestlé,Nesvita,Nesvita,nesvita,Nestlé,Regional exception brand,yes,GLOBAL,Global,Cereal Partners Worldwide (Nestlé/General Mills JV),Joint Venture,market_scoped,Global,food_beverage,,C:/Users/julia/OneDrive/Desktop/Downloads_temp/nestle_brand_regional_exception_matrix.csv,Exception file brand not observed in official Nestlé A-Z extract used today
Nestlé,Nido,Nido,nido,Nestlé,Official Nestlé brand,no,,,,,direct,Global,food_beverage,https://www.nestle.com/brands/brandssearchlist,,Official Nestlé A-Z brand list
Nestlé,Orgain,Orgain,orgain,Nestlé,Official Nestlé brand,no,,,,,direct,Global,health_science,https://www.nestle.com/brands/brandssearchlist,,Official Nestlé A-Z brand list
Nestlé,Ovaltine,Ovaltine,ovaltine,Nestlé,Regional exception brand,yes,US,United States,Nestlé,Licensed,market_scoped,US,food_beverage,,C:/Users/julia/OneDrive/Desktop/Downloads_temp/nestle_brand_regional_exception_matrix.csv,Exception file brand not observed in official Nestlé A-Z extract used today
Nestlé,Ovaltine,Ovaltine,ovaltine,Nestlé,Regional exception brand,yes,ROW,Rest of World,Associated British Foods,Trademark / regional owner,market_scoped,Rest of World,food_beverage,,C:/Users/julia/OneDrive/Desktop/Downloads_temp/nestle_brand_regional_exception_matrix.csv,Exception file brand not observed in official Nestlé A-Z extract used today
Nestlé,Peptamen,Peptamen,peptamen,Nestlé,Official Nestlé brand,no,,,,,direct,Global,health_science,https://www.nestle.com/brands/brandssearchlist,,Official Nestlé A-Z brand list; likely outside food/beverage MVP scope
Nestlé,Perrier,Perrier,perrier,Nestlé,Official Nestlé brand,no,,,,,direct,Global,food_beverage,https://www.nestle.com/brands/brandssearchlist,,Official Nestlé A-Z brand list
Nestlé,Plant-based and so good!,Plant-based and so good!,plant based and so good,Nestlé,Official Nestlé brand,no,,,,,direct,Global,food_beverage,https://www.nestle.com/brands/brandssearchlist,,Official Nestlé A-Z brand list
Nestlé,Pro Plan Veterinary Diets,Pro Plan Veterinary Diets,pro plan veterinary diets,Nestlé,Official Nestlé brand,no,,,,,direct,Global,petcare,https://www.nestle.com/brands/brandssearchlist,,Official Nestlé A-Z brand list; likely outside food/beverage MVP scope
Nestlé,Pure Encapsulations,Pure Encapsulations,pure encapsulations,Nestlé,Official Nestlé brand,no,,,,,direct,Global,health_science,https://www.nestle.com/brands/brandssearchlist,,Official Nestlé A-Z brand list; likely outside food/beverage MVP scope
Nestlé,PURINA,PURINA,purina,Nestlé,Official Nestlé brand,no,,,,,direct,Global,petcare,https://www.nestle.com/brands/brandssearchlist,,Official Nestlé A-Z brand list; likely outside food/beverage MVP scope
Nestlé,PURINA ONE,PURINA ONE,purina one,Nestlé,Official Nestlé brand,no,,,,,direct,Global,petcare,https://www.nestle.com/brands/brandssearchlist,,Official Nestlé A-Z brand list; likely outside food/beverage MVP scope
Nestlé,PURINA Pro Plan,PURINA Pro Plan,purina pro plan,Nestlé,Official Nestlé brand,no,,,,,direct,Global,petcare,https://www.nestle.com/brands/brandssearchlist,,Official Nestlé A-Z brand list; likely outside food/beverage MVP scope
Nestlé,Quality Street,Quality Street,quality street,Nestlé,Official Nestlé brand,no,,,,,direct,Global,food_beverage,https://www.nestle.com/brands/brandssearchlist,,Official Nestlé A-Z brand list
Nestlé,Resource,Resource,resource,Nestlé,Official Nestlé brand,no,,,,,direct,Global,health_science,https://www.nestle.com/brands/brandssearchlist,,Official Nestlé A-Z brand list; likely outside food/beverage MVP scope
Nestlé,Roastelier by Nescafé,Roastelier by Nescafé,roastelier by nescafe,Nestlé,Official Nestlé brand,no,,,,,direct,Global,food_beverage,https://www.nestle.com/brands/brandssearchlist,,Official Nestlé A-Z brand list
Nestlé,Rolo,Rolo,rolo,Nestlé,Regional exception brand,yes,US,United States,The Hershey Company,Licensed Perpetual,market_scoped,US,food_beverage,,C:/Users/julia/OneDrive/Desktop/Downloads_temp/nestle_brand_regional_exception_matrix.csv,Exception file brand not observed in official Nestlé A-Z extract used today
Nestlé,Rolo,Rolo,rolo,Nestlé,Regional exception brand,yes,ROW,Rest of World,Nestlé,Wholly Owned,market_scoped,Rest of World,food_beverage,,C:/Users/julia/OneDrive/Desktop/Downloads_temp/nestle_brand_regional_exception_matrix.csv,Exception file brand not observed in official Nestlé A-Z extract used today
Nestlé,S.Pellegrino,S.Pellegrino,s pellegrino,Nestlé,Official Nestlé brand,no,,,,,direct,Global,food_beverage,https://www.nestle.com/brands/brandssearchlist,,Official Nestlé A-Z brand list
Nestlé,Sahne Nuss,Sahne Nuss,sahne nuss,Nestlé,Official Nestlé brand,no,,,,,direct,Global,food_beverage,https://www.nestle.com/brands/brandssearchlist,,Official Nestlé A-Z brand list
Nestlé,Sanpellegrino,Sanpellegrino,sanpellegrino,Nestlé,Official Nestlé brand,no,,,,,direct,Global,food_beverage,https://www.nestle.com/brands/brandssearchlist,,Official Nestlé A-Z brand list
Nestlé,Shredded Wheat Original,Shredded Wheat Original,shredded wheat original,Nestlé,Official Nestlé brand,no,,,,,direct,Global,food_beverage,https://www.nestle.com/brands/brandssearchlist,,Official Nestlé A-Z brand list
Nestlé,Shreddies,Shreddies,shreddies,Nestlé,Official Nestlé brand,no,,,,,direct,Global,food_beverage,https://www.nestle.com/brands/brandssearchlist,,Official Nestlé A-Z brand list
Nestlé,Smarties,Smarties,smarties,Nestlé,Official Nestlé brand,yes,US,United States,Smarties Candy Company (US),Independent Trademark (Unrelated),market_scoped,US,food_beverage,https://www.nestle.com/brands/brandssearchlist,C:/Users/julia/OneDrive/Desktop/Downloads_temp/nestle_brand_regional_exception_matrix.csv,Exception file assigns Smarties US to Smarties Candy Company
Nestlé,Smarties,Smarties,smarties,Nestlé,Official Nestlé brand,yes,ROW,Rest of World,Nestlé,Wholly Owned,market_scoped,Rest of World,food_beverage,https://www.nestle.com/brands/brandssearchlist,C:/Users/julia/OneDrive/Desktop/Downloads_temp/nestle_brand_regional_exception_matrix.csv,Exception file assigns Smarties ROW to Nestlé
Nestlé,Solgar,Solgar,solgar,Nestlé,Official Nestlé brand,no,,,,,direct,Global,health_science,https://www.nestle.com/brands/brandssearchlist,,Official Nestlé A-Z brand list; likely outside food/beverage MVP scope
Nestlé,Starbucks Coffee At Home,Starbucks Coffee At Home,starbucks coffee at home,Nestlé,Official Nestlé brand,yes,GLOBAL,Global Retail Channels,Nestlé,Global packaged coffee rights,market_scoped,Global retail channels,food_beverage,https://www.nestle.com/brands/brandssearchlist,C:/Users/julia/OneDrive/Desktop/Downloads_temp/nestle_brand_regional_exception_matrix.csv,Exception file assigns Starbucks packaged/at-home global retail channels to Nestlé
Nestlé,Stouffer's,Stouffer's,stouffers,Nestlé,Official Nestlé brand,no,,,,,direct,Global,food_beverage,https://www.nestle.com/brands/brandssearchlist,,Official Nestlé A-Z brand list; duplicate listing collapsed to one matrix row
Nestlé,Supercoat,Supercoat,supercoat,Nestlé,Official Nestlé brand,no,,,,,direct,Global,petcare,https://www.nestle.com/brands/brandssearchlist,,Official Nestlé A-Z brand list; likely outside food/beverage MVP scope
Nestlé,Terra Canis,Terra Canis,terra canis,Nestlé,Official Nestlé brand,no,,,,,direct,Global,petcare,https://www.nestle.com/brands/brandssearchlist,,Official Nestlé A-Z brand list; likely outside food/beverage MVP scope
Nestlé,Thomy,Thomy,thomy,Nestlé,Official Nestlé brand,no,,,,,direct,Global,food_beverage,https://www.nestle.com/brands/brandssearchlist,,Official Nestlé A-Z brand list
Nestlé,Tidy Cats,Tidy Cats,tidy cats,Nestlé,Official Nestlé brand,no,,,,,direct,Global,petcare,https://www.nestle.com/brands/brandssearchlist,,Official Nestlé A-Z brand list; likely outside food/beverage MVP scope
Nestlé,Toll House,Toll House,toll house,Nestlé,Official Nestlé brand,no,,,,,direct,Global,food_beverage,https://www.nestle.com/brands/brandssearchlist,,Official Nestlé A-Z brand list
Nestlé,Trix Cereal,Trix Cereal,trix cereal,Nestlé,Official Nestlé brand,no,,,,,direct,Global,food_beverage,https://www.nestle.com/brands/brandssearchlist,,Official Nestlé A-Z brand list
Nestlé,Vitaflo,Vitaflo,vitaflo,Nestlé,Official Nestlé brand,no,,,,,direct,Global,health_science,https://www.nestle.com/brands/brandssearchlist,,Official Nestlé A-Z brand list; likely outside food/beverage MVP scope
Nestlé,Vital Proteins,Vital Proteins,vital proteins,Nestlé,Official Nestlé brand,no,,,,,direct,Global,health_science,https://www.nestle.com/brands/brandssearchlist,,Official Nestlé A-Z brand list; likely outside food/beverage MVP scope
Nestlé,Vittel,Vittel,vittel,Nestlé,Official Nestlé brand,no,,,,,direct,Global,food_beverage,https://www.nestle.com/brands/brandssearchlist,,Official Nestlé A-Z brand list
Nestlé,Yiyang,Yiyang,yiyang,Nestlé,Official Nestlé brand,no,,,,,direct,Global,food_beverage,https://www.nestle.com/brands/brandssearchlist,,Official Nestlé A-Z brand list
