core_cpg_group,brand,brand_key,canonical_brand,default_assigned_company,us_assigned_company,ca_assigned_company,uk_assigned_company,ie_assigned_company,fr_assigned_company,ownership_architecture_notes,source_company_brand_list,source_exception_matrix,source_type,in_official_company_brand_list,ownership_resolution_status,needs_manual_review,notes
Nestlé,Acqua Panna,acqua panna,Acqua Panna,Nestlé,,,,,,,https://www.nestle.com/brands/brandssearchlist,,official_company_brand_list,yes,direct,no,Official Nestlé A-Z brand list
Nestlé,Aero,aero,Aero,Nestlé,,,,,,,https://www.nestle.com/brands/brandssearchlist,,official_company_brand_list,yes,direct,no,Official Nestlé A-Z brand list
Nestlé,Alfamino,alfamino,Alfamino,Nestlé,,,,,,,https://www.nestle.com/brands/brandssearchlist,,official_company_brand_list,yes,direct,no,Official Nestlé A-Z brand list; likely outside food/beverage MVP scope
Nestlé,Alpo,alpo,Alpo,Nestlé,,,,,,,https://www.nestle.com/brands/brandssearchlist,,official_company_brand_list,yes,direct,no,Official Nestlé A-Z brand list; likely outside food/beverage MVP scope
Nestlé,Antica Gelateria Del Corso,antica gelateria del corso,Antica Gelateria Del Corso,Nestlé,,,,,,,https://www.nestle.com/brands/brandssearchlist,,official_company_brand_list,yes,direct,no,Official Nestlé A-Z brand list
Nestlé,Baci Perugina,baci perugina,Baci Perugina,Nestlé,,,,,,,https://www.nestle.com/brands/brandssearchlist,,official_company_brand_list,yes,direct,no,Official Nestlé A-Z brand list
Nestlé,Bakers,bakers,Bakers,Nestlé,,,,,,,https://www.nestle.com/brands/brandssearchlist,,official_company_brand_list,yes,direct,no,Official Nestlé A-Z brand list; likely outside food/beverage MVP scope
Nestlé,Bear Brand,bear brand,Bear Brand,Nestlé,,,,,,,https://www.nestle.com/brands/brandssearchlist,,official_company_brand_list,yes,direct,no,Official Nestlé A-Z brand list
Nestlé,Beggin',beggin,Beggin',Nestlé,,,,,,,https://www.nestle.com/brands/brandssearchlist,,official_company_brand_list,yes,direct,no,Official Nestlé A-Z brand list; likely outside food/beverage MVP scope
Nestlé,Beneful,beneful,Beneful,Nestlé,,,,,,,https://www.nestle.com/brands/brandssearchlist,,official_company_brand_list,yes,direct,no,Official Nestlé A-Z brand list; likely outside food/beverage MVP scope
Nestlé,Beyond,beyond,Beyond,Nestlé,,,,,,,https://www.nestle.com/brands/brandssearchlist,,official_company_brand_list,yes,direct,no,Official Nestlé A-Z brand list; likely outside food/beverage MVP scope
Nestlé,Boost,boost,Boost,Nestlé,,,,,,,https://www.nestle.com/brands/brandssearchlist,,official_company_brand_list,yes,direct,no,Official Nestlé A-Z brand list
Nestlé,Buitoni,buitoni,Buitoni,Nestlé,Nestle,Nestle,Nestle,Nestle,Nestle,Wholly Owned,https://www.nestle.com/brands/brandssearchlist,C:/Users/julia/OneDrive/Desktop/Downloads_temp/cpg_global_corporate_exception_matrix.csv,both,yes,direct,no,Official Nestlé A-Z brand list
Nestlé,Busy Bone,busy bone,Busy Bone,Nestlé,,,,,,,https://www.nestle.com/brands/brandssearchlist,,official_company_brand_list,yes,direct,no,Official Nestlé A-Z brand list; likely outside food/beverage MVP scope
Nestlé,Buxton,buxton,Buxton,Nestlé,,,,,,,https://www.nestle.com/brands/brandssearchlist,,official_company_brand_list,yes,direct,no,Official Nestlé A-Z brand list
Nestlé,Cailler,cailler,Cailler,Nestlé,,,,,,,https://www.nestle.com/brands/brandssearchlist,,official_company_brand_list,yes,direct,no,Official Nestlé A-Z brand list
Nestlé,Carnation,carnation,Carnation,Nestlé,,,,,,,https://www.nestle.com/brands/brandssearchlist,,official_company_brand_list,yes,direct,no,Official Nestlé A-Z brand list; duplicate listing collapsed to one matrix row
Nestlé,Cat Chow,cat chow,Cat Chow,Nestlé,,,,,,,https://www.nestle.com/brands/brandssearchlist,,official_company_brand_list,yes,direct,no,Official Nestlé A-Z brand list; likely outside food/beverage MVP scope
Nestlé,Cerelac,cerelac,Cerelac,Nestlé,,,,,,,https://www.nestle.com/brands/brandssearchlist,,official_company_brand_list,yes,direct,no,Official Nestlé A-Z brand list
Nestlé,Cheerios,cheerios,Cheerios,Nestlé,General Mills,General Mills,Cereal Partners Worldwide,Cereal Partners Worldwide,Cereal Partners Worldwide,Joint Venture Split,https://www.nestle.com/brands/brandssearchlist,C:/Users/julia/OneDrive/Desktop/Downloads_temp/cpg_global_corporate_exception_matrix.csv,both,yes,market_scoped,yes,Exception file assigns Cheerios to General Mills in the US
Nestlé,Chef,chef,Chef,Nestlé,,,,,,,https://www.nestle.com/brands/brandssearchlist,,official_company_brand_list,yes,direct,no,Official Nestlé A-Z brand list
Nestlé,Chef Boyardee,chef boyardee,Chef Boyardee,Conagra Brands,Conagra Brands,Conagra Brands,Conagra Brands,Conagra Brands,Conagra Brands,Not Nestle (Commonly Confused),,C:/Users/julia/OneDrive/Desktop/Downloads_temp/cpg_global_corporate_exception_matrix.csv,global_corporate_exception_matrix,no,market_scoped,yes,Nestlé exception-matrix row not present in official Nestlé A-Z extract used for the Nestlé matrix
Nestlé,Chocapic,chocapic,Chocapic,Nestlé,Cereal Partners Worldwide,Cereal Partners Worldwide,Cereal Partners Worldwide,Cereal Partners Worldwide,Cereal Partners Worldwide,Joint Venture Asset,https://www.nestle.com/brands/brandssearchlist,C:/Users/julia/OneDrive/Desktop/Downloads_temp/cpg_global_corporate_exception_matrix.csv,both,yes,market_scoped,yes,Exception file assigns Chocapic to CPW
Nestlé,Cini Minis,cini minis,Cini Minis,Nestlé,,,,,,,https://www.nestle.com/brands/brandssearchlist,,official_company_brand_list,yes,direct,no,Official Nestlé A-Z brand list
Nestlé,Coffee mate,coffee mate,Coffee mate,Nestlé,,,,,,,https://www.nestle.com/brands/brandssearchlist,,official_company_brand_list,yes,direct,no,Official Nestlé A-Z brand list
Nestlé,Compleat,compleat,Compleat,Nestlé,,,,,,,https://www.nestle.com/brands/brandssearchlist,,official_company_brand_list,yes,direct,no,Official Nestlé A-Z brand list; likely outside food/beverage MVP scope
Nestlé,Contrex,contrex,Contrex,Nestlé,,,,,,,https://www.nestle.com/brands/brandssearchlist,,official_company_brand_list,yes,direct,no,Official Nestlé A-Z brand list
Nestlé,Corn Flakes,corn flakes,Corn Flakes,Nestlé,,,,,,,https://www.nestle.com/brands/brandssearchlist,,official_company_brand_list,yes,direct,no,Official Nestlé A-Z brand list
Nestlé,Damak,damak,Damak,Nestlé,,,,,,,https://www.nestle.com/brands/brandssearchlist,,official_company_brand_list,yes,direct,no,Official Nestlé A-Z brand list
Nestlé,Dentalife,dentalife,Dentalife,Nestlé,,,,,,,https://www.nestle.com/brands/brandssearchlist,,official_company_brand_list,yes,direct,no,Official Nestlé A-Z brand list; likely outside food/beverage MVP scope
Nestlé,DiGiorno,digiorno,DiGiorno,Nestlé,,,,,,,https://www.nestle.com/brands/brandssearchlist,,official_company_brand_list,yes,direct,no,Official Nestlé A-Z brand list
Nestlé,Dog Chow,dog chow,Dog Chow,Nestlé,,,,,,,https://www.nestle.com/brands/brandssearchlist,,official_company_brand_list,yes,direct,no,Official Nestlé A-Z brand list; likely outside food/beverage MVP scope
Nestlé,Drumstick Ice Cream,drumstick,Drumstick,Nestlé,Froneri,Froneri,Froneri,Froneri,Froneri,Joint Venture Transitioned,https://www.nestle.com/brands/brandssearchlist,C:/Users/julia/OneDrive/Desktop/Downloads_temp/cpg_global_corporate_exception_matrix.csv,both,yes,market_scoped,yes,Exception file assigns Drumstick to Froneri; Exception source brand label: Drumstick Ice Cream
Nestlé,Erikli,erikli,Erikli,Nestlé,,,,,,,https://www.nestle.com/brands/brandssearchlist,,official_company_brand_list,yes,direct,no,Official Nestlé A-Z brand list
Nestlé,Essentia,essentia,Essentia,Nestlé,,,,,,,https://www.nestle.com/brands/brandssearchlist,,official_company_brand_list,yes,direct,no,Official Nestlé A-Z brand list
Nestlé,Extreme Ice Cream,extreme,Extrême,Nestlé,Froneri,Froneri,Froneri,Froneri,Froneri,Joint Venture Transitioned,https://www.nestle.com/brands/brandssearchlist,C:/Users/julia/OneDrive/Desktop/Downloads_temp/cpg_global_corporate_exception_matrix.csv,both,yes,market_scoped,yes,Exception file assigns Extrême to Froneri; Exception source brand label: Extreme Ice Cream
Nestlé,Fancy Feast,fancy feast,Fancy Feast,Nestlé,,,,,,,https://www.nestle.com/brands/brandssearchlist,,official_company_brand_list,yes,direct,no,Official Nestlé A-Z brand list; likely outside food/beverage MVP scope
Nestlé,Felix,felix,Felix,Nestlé,Nestle,Nestle,Nestle,Nestle,Nestle,Wholly Owned,https://www.nestle.com/brands/brandssearchlist,C:/Users/julia/OneDrive/Desktop/Downloads_temp/cpg_global_corporate_exception_matrix.csv,both,yes,direct,no,Official Nestlé A-Z brand list; likely outside food/beverage MVP scope
Nestlé,Fitness Cereal,fitness,Fitness,Nestlé,Cereal Partners Worldwide,Cereal Partners Worldwide,Cereal Partners Worldwide,Cereal Partners Worldwide,Cereal Partners Worldwide,Joint Venture Asset,https://www.nestle.com/brands/brandssearchlist,C:/Users/julia/OneDrive/Desktop/Downloads_temp/cpg_global_corporate_exception_matrix.csv,both,yes,market_scoped,yes,Exception file names this brand Fitness Cereal; official Nestlé A-Z extract names it Fitness; Exception source brand label: Fitness Cereal
Nestlé,Friskies,friskies,Friskies,Nestlé,Nestle,Nestle,Nestle,Nestle,Nestle,Wholly Owned,https://www.nestle.com/brands/brandssearchlist,C:/Users/julia/OneDrive/Desktop/Downloads_temp/cpg_global_corporate_exception_matrix.csv,both,yes,direct,no,Official Nestlé A-Z brand list; likely outside food/beverage MVP scope
Nestlé,Garden Gourmet,garden gourmet,Garden Gourmet,Nestlé,,,,,,,https://www.nestle.com/brands/brandssearchlist,,official_company_brand_list,yes,direct,no,Official Nestlé A-Z brand list
Nestlé,Garden Gourmet and Harvest Gourmet,garden gourmet and harvest gourmet,Garden Gourmet and Harvest Gourmet,Nestlé,,,,,,,https://www.nestle.com/brands/brandssearchlist,,official_company_brand_list,yes,direct,no,Official Nestlé A-Z brand list
Nestlé,Garden of Life,garden of life,Garden of Life,Nestlé,,,,,,,https://www.nestle.com/brands/brandssearchlist,,official_company_brand_list,yes,direct,no,Official Nestlé A-Z brand list; likely outside food/beverage MVP scope
Nestlé,Garoto,garoto,Garoto,Nestlé,,,,,,,https://www.nestle.com/brands/brandssearchlist,,official_company_brand_list,yes,direct,no,Official Nestlé A-Z brand list
Nestlé,Gerber,gerber,Gerber,Nestlé,Nestle,Nestle,Nestle,Nestle,Nestle,Wholly Owned,https://www.nestle.com/brands/brandssearchlist,C:/Users/julia/OneDrive/Desktop/Downloads_temp/cpg_global_corporate_exception_matrix.csv,both,yes,direct,no,Official Nestlé A-Z brand list
Nestlé,Gourmet Cat Food,gourmet,Gourmet,Nestlé,Nestle,Nestle,Nestle,Nestle,Nestle,Wholly Owned,https://www.nestle.com/brands/brandssearchlist,C:/Users/julia/OneDrive/Desktop/Downloads_temp/cpg_global_corporate_exception_matrix.csv,both,yes,direct,no,Official Nestlé A-Z brand list; likely outside food/beverage MVP scope; Exception source brand label: Gourmet Cat Food
Nestlé,Haagen-Dazs,haagen dazs,Häagen-Dazs,Nestlé,Froneri,Froneri,General Mills,General Mills,General Mills,Joint Venture / License Split,https://www.nestle.com/brands/brandssearchlist,C:/Users/julia/OneDrive/Desktop/Downloads_temp/cpg_global_corporate_exception_matrix.csv,both,yes,market_scoped,yes,Exception file assigns Häagen-Dazs US to Froneri; Exception source brand label: Haagen-Dazs
Nestlé,HENNIEZ,henniez,HENNIEZ,Nestlé,,,,,,,https://www.nestle.com/brands/brandssearchlist,,official_company_brand_list,yes,direct,no,Official Nestlé A-Z brand list
Nestlé,Hépar,hepar,Hépar,Nestlé,,,,,,,https://www.nestle.com/brands/brandssearchlist,,official_company_brand_list,yes,direct,no,Official Nestlé A-Z brand list
Nestlé,Herta,herta,Herta,Herta JV (Nestle 40%),Herta JV (Nestle 40%),Herta JV (Nestle 40%),Herta JV (Nestle 40%),Herta JV (Nestle 40%),Herta JV (Nestle 40%),Joint Venture Asset,,C:/Users/julia/OneDrive/Desktop/Downloads_temp/cpg_global_corporate_exception_matrix.csv,global_corporate_exception_matrix,no,market_scoped,yes,Nestlé exception-matrix row not present in official Nestlé A-Z extract used for the Nestlé matrix
Nestlé,Hot Pockets,hot pockets,Hot Pockets,Nestlé,,,,,,,https://www.nestle.com/brands/brandssearchlist,,official_company_brand_list,yes,direct,no,Official Nestlé A-Z brand list
Nestlé,Hsu Fu Chi,hsu fu chi,Hsu Fu Chi,Nestlé,,,,,,,https://www.nestle.com/brands/brandssearchlist,,official_company_brand_list,yes,direct,no,Official Nestlé A-Z brand list
Nestlé,Impact,impact,Impact,Nestlé,,,,,,,https://www.nestle.com/brands/brandssearchlist,,official_company_brand_list,yes,direct,no,Official Nestlé A-Z brand list; likely outside food/beverage MVP scope
Nestlé,KitKat,kitkat,KitKat,Nestlé,The Hershey Company,Nestle,Nestle,Nestle,Nestle,Licensing Split,https://www.nestle.com/brands/brandssearchlist,C:/Users/julia/OneDrive/Desktop/Downloads_temp/cpg_global_corporate_exception_matrix.csv,both,yes,market_scoped,yes,Exception file assigns KitKat US to Hershey
Nestlé,KitKat Cereal,kitkat cereal,KitKat Cereal,Nestlé,,,,,,,https://www.nestle.com/brands/brandssearchlist,,official_company_brand_list,yes,direct,no,Official Nestlé A-Z brand list
Nestlé,KitKat Professional,kitkat professional,KitKat Professional,Nestlé,,,,,,,https://www.nestle.com/brands/brandssearchlist,,official_company_brand_list,yes,direct,no,Official Nestlé A-Z brand list
Nestlé,Koko Krunch,koko krunch,Koko Krunch,Nestlé,,,,,,,https://www.nestle.com/brands/brandssearchlist,,official_company_brand_list,yes,direct,no,Official Nestlé A-Z brand list
Nestlé,La Lechera,la lechera,La Lechera,Nestlé,,,,,,,https://www.nestle.com/brands/brandssearchlist,,official_company_brand_list,yes,direct,no,Official Nestlé A-Z brand list
Nestlé,La Vie,la vie,La Vie,Nestlé,,,,,,,https://www.nestle.com/brands/brandssearchlist,,official_company_brand_list,yes,direct,no,Official Nestlé A-Z brand list
Nestlé,Lean Cuisine,lean cuisine,Lean Cuisine,Nestlé,Nestle,Nestle,Nestle,Nestle,Nestle,Wholly Owned,https://www.nestle.com/brands/brandssearchlist,C:/Users/julia/OneDrive/Desktop/Downloads_temp/cpg_global_corporate_exception_matrix.csv,both,yes,direct,no,Official Nestlé A-Z brand list
Nestlé,Levissima,levissima,Levissima,Nestlé,,,,,,,https://www.nestle.com/brands/brandssearchlist,,official_company_brand_list,yes,direct,no,Official Nestlé A-Z brand list
Nestlé,Life Cuisine,life cuisine,Life Cuisine,Nestlé,,,,,,,https://www.nestle.com/brands/brandssearchlist,,official_company_brand_list,yes,direct,no,Official Nestlé A-Z brand list
Nestlé,Lily's Kitchen,lily s kitchen,Lily's Kitchen,Nestlé,,,,,,,https://www.nestle.com/brands/brandssearchlist,,official_company_brand_list,yes,direct,no,Official Nestlé A-Z brand list; likely outside food/beverage MVP scope
Nestlé,Lion Cereal,lion cereals,Lion Cereals,Nestlé,Cereal Partners Worldwide,Cereal Partners Worldwide,Cereal Partners Worldwide,Cereal Partners Worldwide,Cereal Partners Worldwide,Joint Venture Asset,https://www.nestle.com/brands/brandssearchlist,C:/Users/julia/OneDrive/Desktop/Downloads_temp/cpg_global_corporate_exception_matrix.csv,both,yes,market_scoped,yes,Exception file assigns Lion Cereal to CPW; Exception source brand label: Lion Cereal
Nestlé,Maggi,maggi,Maggi,Nestlé,Nestle,Nestle,Nestle,Nestle,Nestle,Wholly Owned,https://www.nestle.com/brands/brandssearchlist,C:/Users/julia/OneDrive/Desktop/Downloads_temp/cpg_global_corporate_exception_matrix.csv,both,yes,direct,no,Official Nestlé A-Z brand list
Nestlé,Maggi Professional,maggi professional,Maggi Professional,Nestlé,,,,,,,https://www.nestle.com/brands/brandssearchlist,,official_company_brand_list,yes,direct,no,Official Nestlé A-Z brand list
Nestlé,Materna,materna,Materna,Nestlé,,,,,,,https://www.nestle.com/brands/brandssearchlist,,official_company_brand_list,yes,direct,no,Official Nestlé A-Z brand list; likely outside food/beverage MVP scope
Nestlé,Maxibon,maxibon,Maxibon,Nestlé,Froneri (Nestlé JV),Froneri (Nestlé JV),Froneri (Nestlé JV),Froneri (Nestlé JV),Froneri (Nestlé JV),Joint Venture,https://www.nestle.com/brands/brandssearchlist,C:/Users/julia/food-beverage-positioning-radar/data/reference/nestle_brand_portfolio_matrix.csv,both,yes,market_scoped,yes,Exception file assigns Maxibon to Froneri; Exception file assigns Maxibon to Froneri
Nestlé,Merrick,merrick,Merrick,Nestlé,,,,,,,https://www.nestle.com/brands/brandssearchlist,,official_company_brand_list,yes,direct,no,Official Nestlé A-Z brand list; likely outside food/beverage MVP scope
Nestlé,Milkybar,milkybar,Milkybar,Nestlé,,,,,,,https://www.nestle.com/brands/brandssearchlist,,official_company_brand_list,yes,direct,no,Official Nestlé A-Z brand list
Nestlé,Milo,milo,Milo,Nestlé,,,,,,,https://www.nestle.com/brands/brandssearchlist,,official_company_brand_list,yes,direct,no,Official Nestlé A-Z brand list
Nestlé,Minor's,minor s,Minor's,Nestlé,,,,,,,https://www.nestle.com/brands/brandssearchlist,,official_company_brand_list,yes,direct,no,Official Nestlé A-Z brand list
Nestlé,Molico,molico,Molico,Nestlé,,,,,,,https://www.nestle.com/brands/brandssearchlist,,official_company_brand_list,yes,direct,no,Official Nestlé A-Z brand list
Nestlé,Movenpick Ice Cream,movenpick,Mövenpick,Nestlé,Froneri,Froneri,Froneri,Froneri,Froneri,Joint Venture Transitioned,https://www.nestle.com/brands/brandssearchlist,C:/Users/julia/OneDrive/Desktop/Downloads_temp/cpg_global_corporate_exception_matrix.csv,both,yes,market_scoped,yes,Exception file row is Mövenpick (Ice Cream); matrix canonicalized to official brand Mövenpick; Exception source brand label: Movenpick Ice Cream
Nestlé,Munch,munch,Munch,Nestlé,,,,,,,https://www.nestle.com/brands/brandssearchlist,,official_company_brand_list,yes,direct,no,Official Nestlé A-Z brand list
Nestlé,Nałęczowianka,na eczowianka,Nałęczowianka,Nestlé,,,,,,,https://www.nestle.com/brands/brandssearchlist,,official_company_brand_list,yes,direct,no,Official Nestlé A-Z brand list
Nestlé,Nancare,nancare,Nancare,Nestlé,,,,,,,https://www.nestle.com/brands/brandssearchlist,,official_company_brand_list,yes,direct,no,Official Nestlé A-Z brand list; likely outside food/beverage MVP scope
Nestlé,Nescafe,nescafe,Nescafé,Nestlé,Nestle,Nestle,Nestle,Nestle,Nestle,Wholly Owned,https://www.nestle.com/brands/brandssearchlist,C:/Users/julia/OneDrive/Desktop/Downloads_temp/cpg_global_corporate_exception_matrix.csv,both,yes,direct,no,Official Nestlé A-Z brand list; Exception source brand label: Nescafe
Nestlé,Nescafé Dolce Gusto,nescafe dolce gusto,Nescafé Dolce Gusto,Nestlé,,,,,,,https://www.nestle.com/brands/brandssearchlist,,official_company_brand_list,yes,direct,no,Official Nestlé A-Z brand list
Nestlé,Nespresso,nespresso,Nespresso,Nestlé,Nestle,Nestle,Nestle,Nestle,Nestle,Wholly Owned,https://www.nestle.com/brands/brandssearchlist,C:/Users/julia/OneDrive/Desktop/Downloads_temp/cpg_global_corporate_exception_matrix.csv,both,yes,direct,no,Official Nestlé A-Z brand list
Nestlé,Nesquik,nesquik,Nesquik,Nestlé,Nestle,Nestle,Nestle,Nestle,Nestle,Wholly Owned,https://www.nestle.com/brands/brandssearchlist,C:/Users/julia/OneDrive/Desktop/Downloads_temp/cpg_global_corporate_exception_matrix.csv,both,yes,direct,no,Official Nestlé A-Z brand list
Nestlé,Nesquik Cereal,nesquik cereal,Nesquik Cereal,Nestlé,General Mills,Cereal Partners Worldwide (Nestlé/General Mills JV),Cereal Partners Worldwide (Nestlé/General Mills JV),Cereal Partners Worldwide (Nestlé/General Mills JV),Cereal Partners Worldwide (Nestlé/General Mills JV),Market-scoped cereal ownership; Joint Venture,https://www.nestle.com/brands/brandssearchlist,C:/Users/julia/food-beverage-positioning-radar/data/reference/nestle_brand_portfolio_matrix.csv,both,yes,market_scoped,yes,Exception file assigns Nesquik Cereal North America to General Mills; Exception file assigns Nesquik Cereal North America to General Mills; Exception file assigns Nesquik Cereal ROW to CPW
Nestlé,Nestea,nestea,Nestea,Nestlé,,,,,,,https://www.nestle.com/brands/brandssearchlist,,official_company_brand_list,yes,direct,no,Official Nestlé A-Z brand list
Nestlé,Nestlé Pure Life,nestle pure life,Nestlé Pure Life,Nestlé,,,,,,,https://www.nestle.com/brands/brandssearchlist,,official_company_brand_list,yes,direct,no,Official Nestlé A-Z brand list
Nestlé,Nestlé Sustainably Sourced Cocoa,nestle sustainably sourced cocoa,Nestlé Sustainably Sourced Cocoa,Nestlé,,,,,,,https://www.nestle.com/brands/brandssearchlist,,official_company_brand_list,yes,direct,no,Official Nestlé A-Z brand list
Nestlé,Nestlé Vital,nestle vital,Nestlé Vital,Nestlé,,,,,,,https://www.nestle.com/brands/brandssearchlist,,official_company_brand_list,yes,direct,no,Official Nestlé A-Z brand list
Nestlé,Nestum,nestum,Nestum,Nestlé,,,,,,,https://www.nestle.com/brands/brandssearchlist,,official_company_brand_list,yes,direct,no,Official Nestlé A-Z brand list
Nestlé,Nesvita,nesvita,Nesvita,Cereal Partners Worldwide (Nestlé/General Mills JV),Cereal Partners Worldwide (Nestlé/General Mills JV),Cereal Partners Worldwide (Nestlé/General Mills JV),Cereal Partners Worldwide (Nestlé/General Mills JV),Cereal Partners Worldwide (Nestlé/General Mills JV),Cereal Partners Worldwide (Nestlé/General Mills JV),Joint Venture,,C:/Users/julia/food-beverage-positioning-radar/data/reference/nestle_brand_portfolio_matrix.csv,nestle_regional_exception_matrix,no,market_scoped,yes,Exception file brand not observed in official Nestlé A-Z extract used today
Nestlé,Nido,nido,Nido,Nestlé,,,,,,,https://www.nestle.com/brands/brandssearchlist,,official_company_brand_list,yes,direct,no,Official Nestlé A-Z brand list
Nestlé,Orgain,orgain,Orgain,Nestlé,,,,,,,https://www.nestle.com/brands/brandssearchlist,,official_company_brand_list,yes,direct,no,Official Nestlé A-Z brand list
Nestlé,Ovaltine,ovaltine,Ovaltine,Associated British Foods,Nestlé,Associated British Foods,Associated British Foods,Associated British Foods,Associated British Foods,Licensed; Trademark / regional owner,,C:/Users/julia/food-beverage-positioning-radar/data/reference/nestle_brand_portfolio_matrix.csv,nestle_regional_exception_matrix,no,market_scoped,yes,Exception file brand not observed in official Nestlé A-Z extract used today
Nestlé,Peptamen,peptamen,Peptamen,Nestlé,,,,,,,https://www.nestle.com/brands/brandssearchlist,,official_company_brand_list,yes,direct,no,Official Nestlé A-Z brand list; likely outside food/beverage MVP scope
Nestlé,Perrier,perrier,Perrier,Nestlé,Nestle,Nestle,Nestle,Nestle,Nestle,Wholly Owned,https://www.nestle.com/brands/brandssearchlist,C:/Users/julia/OneDrive/Desktop/Downloads_temp/cpg_global_corporate_exception_matrix.csv,both,yes,direct,no,Official Nestlé A-Z brand list
Nestlé,Plant-based and so good!,plant based and so good,Plant-based and so good!,Nestlé,,,,,,,https://www.nestle.com/brands/brandssearchlist,,official_company_brand_list,yes,direct,no,Official Nestlé A-Z brand list
Nestlé,Pro Plan Veterinary Diets,pro plan veterinary diets,Pro Plan Veterinary Diets,Nestlé,,,,,,,https://www.nestle.com/brands/brandssearchlist,,official_company_brand_list,yes,direct,no,Official Nestlé A-Z brand list; likely outside food/beverage MVP scope
Nestlé,Pure Encapsulations,pure encapsulations,Pure Encapsulations,Nestlé,,,,,,,https://www.nestle.com/brands/brandssearchlist,,official_company_brand_list,yes,direct,no,Official Nestlé A-Z brand list; likely outside food/beverage MVP scope
Nestlé,Purina,purina,PURINA,Nestlé,Nestle,Nestle,Nestle,Nestle,Nestle,Wholly Owned,https://www.nestle.com/brands/brandssearchlist,C:/Users/julia/OneDrive/Desktop/Downloads_temp/cpg_global_corporate_exception_matrix.csv,both,yes,direct,no,Official Nestlé A-Z brand list; likely outside food/beverage MVP scope; Exception source brand label: Purina
Nestlé,PURINA ONE,purina one,PURINA ONE,Nestlé,,,,,,,https://www.nestle.com/brands/brandssearchlist,,official_company_brand_list,yes,direct,no,Official Nestlé A-Z brand list; likely outside food/beverage MVP scope
Nestlé,PURINA Pro Plan,purina pro plan,PURINA Pro Plan,Nestlé,,,,,,,https://www.nestle.com/brands/brandssearchlist,,official_company_brand_list,yes,direct,no,Official Nestlé A-Z brand list; likely outside food/beverage MVP scope
Nestlé,Quality Street,quality street,Quality Street,Nestlé,,,,,,,https://www.nestle.com/brands/brandssearchlist,,official_company_brand_list,yes,direct,no,Official Nestlé A-Z brand list
Nestlé,Resource,resource,Resource,Nestlé,,,,,,,https://www.nestle.com/brands/brandssearchlist,,official_company_brand_list,yes,direct,no,Official Nestlé A-Z brand list; likely outside food/beverage MVP scope
Nestlé,Roastelier by Nescafé,roastelier by nescafe,Roastelier by Nescafé,Nestlé,,,,,,,https://www.nestle.com/brands/brandssearchlist,,official_company_brand_list,yes,direct,no,Official Nestlé A-Z brand list
Nestlé,Rolo,rolo,Rolo,Nestle,The Hershey Company,Nestle,Nestle,Nestle,Nestle,Licensing Split,,C:/Users/julia/OneDrive/Desktop/Downloads_temp/cpg_global_corporate_exception_matrix.csv,global_corporate_exception_matrix,no,market_scoped,yes,Nestlé exception-matrix row not present in official Nestlé A-Z extract used for the Nestlé matrix
Nestlé,S.Pellegrino,s pellegrino,S.Pellegrino,Nestlé,Nestle,Nestle,Nestle,Nestle,Nestle,Wholly Owned,https://www.nestle.com/brands/brandssearchlist,C:/Users/julia/OneDrive/Desktop/Downloads_temp/cpg_global_corporate_exception_matrix.csv,both,yes,direct,no,Official Nestlé A-Z brand list
Nestlé,Sahne Nuss,sahne nuss,Sahne Nuss,Nestlé,,,,,,,https://www.nestle.com/brands/brandssearchlist,,official_company_brand_list,yes,direct,no,Official Nestlé A-Z brand list
Nestlé,Sanpellegrino,sanpellegrino,Sanpellegrino,Nestlé,,,,,,,https://www.nestle.com/brands/brandssearchlist,,official_company_brand_list,yes,direct,no,Official Nestlé A-Z brand list
Nestlé,Shredded Wheat Original,shredded wheat original,Shredded Wheat Original,Nestlé,,,,,,,https://www.nestle.com/brands/brandssearchlist,,official_company_brand_list,yes,direct,no,Official Nestlé A-Z brand list
Nestlé,Shreddies,shreddies,Shreddies,Nestlé,,,,,,,https://www.nestle.com/brands/brandssearchlist,,official_company_brand_list,yes,direct,no,Official Nestlé A-Z brand list
Nestlé,Smarties,smarties,Smarties,Nestlé,Smarties Candy Company (US),Nestle,Nestle,Nestle,Nestle,Name Collision / Independent,https://www.nestle.com/brands/brandssearchlist,C:/Users/julia/OneDrive/Desktop/Downloads_temp/cpg_global_corporate_exception_matrix.csv,both,yes,market_scoped,yes,Exception file assigns Smarties US to Smarties Candy Company
Nestlé,Solgar,solgar,Solgar,Nestlé,,,,,,,https://www.nestle.com/brands/brandssearchlist,,official_company_brand_list,yes,direct,no,Official Nestlé A-Z brand list; likely outside food/beverage MVP scope
Nestlé,Starbucks Coffee At Home,starbucks coffee at home,Starbucks Coffee At Home,Nestlé,Nestlé,Nestlé,Nestlé,Nestlé,Nestlé,Global packaged coffee rights,https://www.nestle.com/brands/brandssearchlist,C:/Users/julia/food-beverage-positioning-radar/data/reference/nestle_brand_portfolio_matrix.csv,both,yes,direct,no,Exception file assigns Starbucks packaged/at-home global retail channels to Nestlé; Exception file assigns Starbucks packaged/at-home global retail channels to Nestlé
Nestlé,Stouffer's,stouffer s,Stouffer's,Nestlé,Nestle,Nestle,Nestle,Nestle,Nestle,Wholly Owned,https://www.nestle.com/brands/brandssearchlist,C:/Users/julia/OneDrive/Desktop/Downloads_temp/cpg_global_corporate_exception_matrix.csv,both,yes,direct,no,Official Nestlé A-Z brand list; duplicate listing collapsed to one matrix row
Nestlé,Supercoat,supercoat,Supercoat,Nestlé,,,,,,,https://www.nestle.com/brands/brandssearchlist,,official_company_brand_list,yes,direct,no,Official Nestlé A-Z brand list; likely outside food/beverage MVP scope
Nestlé,Terra Canis,terra canis,Terra Canis,Nestlé,,,,,,,https://www.nestle.com/brands/brandssearchlist,,official_company_brand_list,yes,direct,no,Official Nestlé A-Z brand list; likely outside food/beverage MVP scope
Nestlé,Thomy,thomy,Thomy,Nestlé,,,,,,,https://www.nestle.com/brands/brandssearchlist,,official_company_brand_list,yes,direct,no,Official Nestlé A-Z brand list
Nestlé,Tidy Cats,tidy cats,Tidy Cats,Nestlé,,,,,,,https://www.nestle.com/brands/brandssearchlist,,official_company_brand_list,yes,direct,no,Official Nestlé A-Z brand list; likely outside food/beverage MVP scope
Nestlé,Toll House,toll house,Toll House,Nestlé,,,,,,,https://www.nestle.com/brands/brandssearchlist,,official_company_brand_list,yes,direct,no,Official Nestlé A-Z brand list
Nestlé,Trix Cereal,trix cereal,Trix Cereal,Nestlé,,,,,,,https://www.nestle.com/brands/brandssearchlist,,official_company_brand_list,yes,direct,no,Official Nestlé A-Z brand list
Nestlé,Vitaflo,vitaflo,Vitaflo,Nestlé,,,,,,,https://www.nestle.com/brands/brandssearchlist,,official_company_brand_list,yes,direct,no,Official Nestlé A-Z brand list; likely outside food/beverage MVP scope
Nestlé,Vital Proteins,vital proteins,Vital Proteins,Nestlé,,,,,,,https://www.nestle.com/brands/brandssearchlist,,official_company_brand_list,yes,direct,no,Official Nestlé A-Z brand list; likely outside food/beverage MVP scope
Nestlé,Vittel,vittel,Vittel,Nestlé,Nestle,Nestle,Nestle,Nestle,Nestle,Wholly Owned,https://www.nestle.com/brands/brandssearchlist,C:/Users/julia/OneDrive/Desktop/Downloads_temp/cpg_global_corporate_exception_matrix.csv,both,yes,direct,no,Official Nestlé A-Z brand list
Nestlé,Yiyang,yiyang,Yiyang,Nestlé,,,,,,,https://www.nestle.com/brands/brandssearchlist,,official_company_brand_list,yes,direct,no,Official Nestlé A-Z brand list
PepsiCo,7UP,7up,7UP,PepsiCo,Keurig Dr Pepper,PepsiCo,PepsiCo,PepsiCo,PepsiCo,Licensing Split,,C:/Users/julia/OneDrive/Desktop/Downloads_temp/cpg_global_corporate_exception_matrix.csv,global_corporate_exception_matrix,no,market_scoped,yes,Exception-matrix row only; complete official brand universe not yet supplied for this company
PepsiCo,Alvalle,alvalle,Alvalle,PepsiCo,PepsiCo,PepsiCo,PepsiCo,PepsiCo,PepsiCo,Wholly Owned Gazpacho,,C:/Users/julia/OneDrive/Desktop/Downloads_temp/cpg_global_corporate_exception_matrix.csv,global_corporate_exception_matrix,no,direct,no,Exception-matrix row only; complete official brand universe not yet supplied for this company
PepsiCo,Benenuts,benenuts,Benenuts,PepsiCo,PepsiCo,PepsiCo,PepsiCo,PepsiCo,PepsiCo,Regional Snack (France),,C:/Users/julia/OneDrive/Desktop/Downloads_temp/cpg_global_corporate_exception_matrix.csv,global_corporate_exception_matrix,no,direct,no,Exception-matrix row only; complete official brand universe not yet supplied for this company
PepsiCo,Cheetos,cheetos,Cheetos,PepsiCo,PepsiCo,PepsiCo,PepsiCo,PepsiCo,PepsiCo,Wholly Owned,,C:/Users/julia/OneDrive/Desktop/Downloads_temp/cpg_global_corporate_exception_matrix.csv,global_corporate_exception_matrix,no,direct,no,Exception-matrix row only; complete official brand universe not yet supplied for this company
PepsiCo,Doritos,doritos,Doritos,PepsiCo,PepsiCo,PepsiCo,PepsiCo,PepsiCo,PepsiCo,Wholly Owned,,C:/Users/julia/OneDrive/Desktop/Downloads_temp/cpg_global_corporate_exception_matrix.csv,global_corporate_exception_matrix,no,direct,no,Exception-matrix row only; complete official brand universe not yet supplied for this company
PepsiCo,Fritos,fritos,Fritos,PepsiCo,PepsiCo,PepsiCo,PepsiCo,PepsiCo,PepsiCo,Wholly Owned,,C:/Users/julia/OneDrive/Desktop/Downloads_temp/cpg_global_corporate_exception_matrix.csv,global_corporate_exception_matrix,no,direct,no,Exception-matrix row only; complete official brand universe not yet supplied for this company
PepsiCo,Gatorade,gatorade,Gatorade,PepsiCo,PepsiCo,PepsiCo,PepsiCo,PepsiCo,PepsiCo,Wholly Owned,,C:/Users/julia/OneDrive/Desktop/Downloads_temp/cpg_global_corporate_exception_matrix.csv,global_corporate_exception_matrix,no,direct,no,Exception-matrix row only; complete official brand universe not yet supplied for this company
PepsiCo,Lay's,lay s,Lay's,PepsiCo,PepsiCo,PepsiCo,PepsiCo,PepsiCo,PepsiCo,Wholly Owned,,C:/Users/julia/OneDrive/Desktop/Downloads_temp/cpg_global_corporate_exception_matrix.csv,global_corporate_exception_matrix,no,direct,no,Exception-matrix row only; complete official brand universe not yet supplied for this company
PepsiCo,Lipton Beverage,lipton beverage,Lipton Beverage,Pepsi-Lipton Partnership,Pepsi-Lipton Partnership,Pepsi-Lipton Partnership,Pepsi-Lipton Partnership,Pepsi-Lipton Partnership,Pepsi-Lipton Partnership,Joint Venture (Liquid RTD Only),,C:/Users/julia/OneDrive/Desktop/Downloads_temp/cpg_global_corporate_exception_matrix.csv,global_corporate_exception_matrix,no,market_scoped,yes,Exception-matrix row only; complete official brand universe not yet supplied for this company
PepsiCo,Mirinda,mirinda,Mirinda,PepsiCo,PepsiCo,PepsiCo,PepsiCo,PepsiCo,PepsiCo,Wholly Owned,,C:/Users/julia/OneDrive/Desktop/Downloads_temp/cpg_global_corporate_exception_matrix.csv,global_corporate_exception_matrix,no,direct,no,Exception-matrix row only; complete official brand universe not yet supplied for this company
PepsiCo,Mountain Dew,mountain dew,Mountain Dew,PepsiCo,PepsiCo,PepsiCo,PepsiCo,PepsiCo,PepsiCo,Wholly Owned,,C:/Users/julia/OneDrive/Desktop/Downloads_temp/cpg_global_corporate_exception_matrix.csv,global_corporate_exception_matrix,no,direct,no,Exception-matrix row only; complete official brand universe not yet supplied for this company
PepsiCo,Pepsi,pepsi,Pepsi,PepsiCo,PepsiCo,PepsiCo,PepsiCo,PepsiCo,PepsiCo,Wholly Owned,,C:/Users/julia/OneDrive/Desktop/Downloads_temp/cpg_global_corporate_exception_matrix.csv,global_corporate_exception_matrix,no,direct,no,Exception-matrix row only; complete official brand universe not yet supplied for this company
PepsiCo,Quaker Oats,quaker oats,Quaker Oats,PepsiCo,PepsiCo,PepsiCo,PepsiCo,PepsiCo,PepsiCo,Wholly Owned,,C:/Users/julia/OneDrive/Desktop/Downloads_temp/cpg_global_corporate_exception_matrix.csv,global_corporate_exception_matrix,no,direct,no,Exception-matrix row only; complete official brand universe not yet supplied for this company
PepsiCo,Ruffles,ruffles,Ruffles,PepsiCo,PepsiCo,PepsiCo,PepsiCo,PepsiCo,PepsiCo,Wholly Owned,,C:/Users/julia/OneDrive/Desktop/Downloads_temp/cpg_global_corporate_exception_matrix.csv,global_corporate_exception_matrix,no,direct,no,Exception-matrix row only; complete official brand universe not yet supplied for this company
PepsiCo,Schweppes,schweppes,Schweppes,Suntory Beverage & Food,Keurig Dr Pepper,Keurig Dr Pepper,Suntory Beverage & Food,Suntory Beverage & Food,Suntory Beverage & Food,Highly Fragmented Trademark,,C:/Users/julia/OneDrive/Desktop/Downloads_temp/cpg_global_corporate_exception_matrix.csv,global_corporate_exception_matrix,no,market_scoped,yes,Exception-matrix row only; complete official brand universe not yet supplied for this company
PepsiCo,SodaStream,sodastream,SodaStream,PepsiCo,PepsiCo,PepsiCo,PepsiCo,PepsiCo,PepsiCo,Wholly Owned,,C:/Users/julia/OneDrive/Desktop/Downloads_temp/cpg_global_corporate_exception_matrix.csv,global_corporate_exception_matrix,no,direct,no,Exception-matrix row only; complete official brand universe not yet supplied for this company
PepsiCo,Starbucks RTD,starbucks rtd,Starbucks RTD,PepsiCo (NACP),PepsiCo (NACP),PepsiCo (NACP),PepsiCo (NACP),PepsiCo (NACP),PepsiCo (NACP),Joint Venture (Bottled Ready to Drink),,C:/Users/julia/OneDrive/Desktop/Downloads_temp/cpg_global_corporate_exception_matrix.csv,global_corporate_exception_matrix,no,market_scoped,yes,Exception-matrix row only; complete official brand universe not yet supplied for this company
PepsiCo,Tostitos,tostitos,Tostitos,PepsiCo,PepsiCo,PepsiCo,PepsiCo,PepsiCo,PepsiCo,Wholly Owned,,C:/Users/julia/OneDrive/Desktop/Downloads_temp/cpg_global_corporate_exception_matrix.csv,global_corporate_exception_matrix,no,direct,no,Exception-matrix row only; complete official brand universe not yet supplied for this company
PepsiCo,Walkers,walkers,Walkers,PepsiCo,PepsiCo,PepsiCo,PepsiCo,PepsiCo,PepsiCo,Regional Alias (UK/IE),,C:/Users/julia/OneDrive/Desktop/Downloads_temp/cpg_global_corporate_exception_matrix.csv,global_corporate_exception_matrix,no,direct,no,Exception-matrix row only; complete official brand universe not yet supplied for this company
Unilever,Amora,amora,Amora,Unilever,Unilever,Unilever,Unilever,Unilever,Unilever,Regional Condiment (France),,C:/Users/julia/OneDrive/Desktop/Downloads_temp/cpg_global_corporate_exception_matrix.csv,global_corporate_exception_matrix,no,direct,no,Exception-matrix row only; complete official brand universe not yet supplied for this company
Unilever,Ben & Jerry's,ben and jerry s,Ben & Jerry's,Unilever,Unilever,Unilever,Unilever,Unilever,Unilever,Wholly Owned (Independent Board),,C:/Users/julia/OneDrive/Desktop/Downloads_temp/cpg_global_corporate_exception_matrix.csv,global_corporate_exception_matrix,no,direct,no,Exception-matrix row only; complete official brand universe not yet supplied for this company
Unilever,Best Foods,best foods,Best Foods,Unilever,Unilever,Unilever,Unilever,Unilever,Unilever,Regional Alias (US West/Asia),,C:/Users/julia/OneDrive/Desktop/Downloads_temp/cpg_global_corporate_exception_matrix.csv,global_corporate_exception_matrix,no,direct,no,Exception-matrix row only; complete official brand universe not yet supplied for this company
Unilever,Bovril,bovril,Bovril,Unilever,Unilever,Unilever,Unilever,Unilever,Unilever,Wholly Owned,,C:/Users/julia/OneDrive/Desktop/Downloads_temp/cpg_global_corporate_exception_matrix.csv,global_corporate_exception_matrix,no,direct,no,Exception-matrix row only; complete official brand universe not yet supplied for this company
Unilever,Breyers,breyers,Breyers,Unilever,Unilever,Unilever,Unilever,Unilever,Unilever,Wholly Owned North America,,C:/Users/julia/OneDrive/Desktop/Downloads_temp/cpg_global_corporate_exception_matrix.csv,global_corporate_exception_matrix,no,direct,no,Exception-matrix row only; complete official brand universe not yet supplied for this company
Unilever,Carte d'Or,carte d or,Carte d'Or,Unilever,Unilever,Unilever,Unilever,Unilever,Unilever,Wholly Owned Europe,,C:/Users/julia/OneDrive/Desktop/Downloads_temp/cpg_global_corporate_exception_matrix.csv,global_corporate_exception_matrix,no,direct,no,Exception-matrix row only; complete official brand universe not yet supplied for this company
Unilever,Colman's,colman s,Colman's,Unilever,Unilever,Unilever,Unilever,Unilever,Unilever,Wholly Owned Mustard/Sauces,,C:/Users/julia/OneDrive/Desktop/Downloads_temp/cpg_global_corporate_exception_matrix.csv,global_corporate_exception_matrix,no,direct,no,Exception-matrix row only; complete official brand universe not yet supplied for this company
Unilever,Cornetto,cornetto,Cornetto,Unilever,Unilever,Unilever,Unilever,Unilever,Unilever,Wholly Owned,,C:/Users/julia/OneDrive/Desktop/Downloads_temp/cpg_global_corporate_exception_matrix.csv,global_corporate_exception_matrix,no,direct,no,Exception-matrix row only; complete official brand universe not yet supplied for this company
Unilever,Hellmann's,hellmann s,Hellmann's,Unilever,Unilever,Unilever,Unilever,Unilever,Unilever,Wholly Owned,,C:/Users/julia/OneDrive/Desktop/Downloads_temp/cpg_global_corporate_exception_matrix.csv,global_corporate_exception_matrix,no,direct,no,Exception-matrix row only; complete official brand universe not yet supplied for this company
Unilever,Knorr,knorr,Knorr,Unilever,Unilever,Unilever,Unilever,Unilever,Unilever,Wholly Owned,,C:/Users/julia/OneDrive/Desktop/Downloads_temp/cpg_global_corporate_exception_matrix.csv,global_corporate_exception_matrix,no,direct,no,Exception-matrix row only; complete official brand universe not yet supplied for this company
Unilever,Lipton Dry Tea,lipton dry tea,Lipton Dry Tea,Liptea / Ekaterra,Liptea / Ekaterra,Liptea / Ekaterra,Liptea / Ekaterra,Liptea / Ekaterra,Liptea / Ekaterra,Spun off from Unilever to CVC Capital,,C:/Users/julia/OneDrive/Desktop/Downloads_temp/cpg_global_corporate_exception_matrix.csv,global_corporate_exception_matrix,no,market_scoped,yes,Exception-matrix row only; complete official brand universe not yet supplied for this company
Unilever,Magnum Ice Cream,magnum ice cream,Magnum Ice Cream,Unilever,Unilever,Unilever,Unilever,Unilever,Unilever,Wholly Owned,,C:/Users/julia/OneDrive/Desktop/Downloads_temp/cpg_global_corporate_exception_matrix.csv,global_corporate_exception_matrix,no,direct,no,Exception-matrix row only; complete official brand universe not yet supplied for this company
Unilever,Maille,maille,Maille,Unilever,Unilever,Unilever,Unilever,Unilever,Unilever,Wholly Owned,,C:/Users/julia/OneDrive/Desktop/Downloads_temp/cpg_global_corporate_exception_matrix.csv,global_corporate_exception_matrix,no,direct,no,Exception-matrix row only; complete official brand universe not yet supplied for this company
Unilever,Marmite,marmite,Marmite,Unilever,Unilever,Unilever,Unilever,Unilever,Unilever,Wholly Owned (UK/IE Split with Vegemite),,C:/Users/julia/OneDrive/Desktop/Downloads_temp/cpg_global_corporate_exception_matrix.csv,global_corporate_exception_matrix,no,direct,no,Exception-matrix row only; complete official brand universe not yet supplied for this company
Unilever,Miko,miko,Miko,Unilever,Unilever,Unilever,Unilever,Unilever,Unilever,Regional Ice Cream (France),,C:/Users/julia/OneDrive/Desktop/Downloads_temp/cpg_global_corporate_exception_matrix.csv,global_corporate_exception_matrix,no,direct,no,Exception-matrix row only; complete official brand universe not yet supplied for this company
Unilever,PG Tips,pg tips,PG Tips,Liptea / Ekaterra,Liptea / Ekaterra,Liptea / Ekaterra,Liptea / Ekaterra,Liptea / Ekaterra,Liptea / Ekaterra,Spun off from Unilever to CVC Capital,,C:/Users/julia/OneDrive/Desktop/Downloads_temp/cpg_global_corporate_exception_matrix.csv,global_corporate_exception_matrix,no,market_scoped,yes,Exception-matrix row only; complete official brand universe not yet supplied for this company
Unilever,Pot Noodle,pot noodle,Pot Noodle,Unilever,Unilever,Unilever,Unilever,Unilever,Unilever,Wholly Owned UK Asset,,C:/Users/julia/OneDrive/Desktop/Downloads_temp/cpg_global_corporate_exception_matrix.csv,global_corporate_exception_matrix,no,direct,no,Exception-matrix row only; complete official brand universe not yet supplied for this company
Unilever,Solero,solero,Solero,Unilever,Unilever,Unilever,Unilever,Unilever,Unilever,Wholly Owned,,C:/Users/julia/OneDrive/Desktop/Downloads_temp/cpg_global_corporate_exception_matrix.csv,global_corporate_exception_matrix,no,direct,no,Exception-matrix row only; complete official brand universe not yet supplied for this company
Unilever,Viennetta,viennetta,Viennetta,Unilever,Unilever,Unilever,Unilever,Unilever,Unilever,Wholly Owned,,C:/Users/julia/OneDrive/Desktop/Downloads_temp/cpg_global_corporate_exception_matrix.csv,global_corporate_exception_matrix,no,direct,no,Exception-matrix row only; complete official brand universe not yet supplied for this company
Unilever,Wall's Ice Cream,wall s ice cream,Wall's Ice Cream,Unilever,Unilever,Unilever,Unilever,Unilever,Unilever,Wholly Owned Global Banner,,C:/Users/julia/OneDrive/Desktop/Downloads_temp/cpg_global_corporate_exception_matrix.csv,global_corporate_exception_matrix,no,direct,no,Exception-matrix row only; complete official brand universe not yet supplied for this company
Mondelez,Belvita,belvita,Belvita,Mondelez International,Mondelez International,Mondelez International,Mondelez International,Mondelez International,Mondelez International,Wholly Owned,,C:/Users/julia/OneDrive/Desktop/Downloads_temp/cpg_global_corporate_exception_matrix.csv,global_corporate_exception_matrix,no,direct,no,Exception-matrix row only; complete official brand universe not yet supplied for this company
Mondelez,Cadbury,cadbury,Cadbury,Mondelez International,The Hershey Company,Mondelez International,Mondelez International,Mondelez International,Mondelez International,US Manufacturing License Split,,C:/Users/julia/OneDrive/Desktop/Downloads_temp/cpg_global_corporate_exception_matrix.csv,global_corporate_exception_matrix,no,market_scoped,yes,Exception-matrix row only; complete official brand universe not yet supplied for this company
Mondelez,Chips Ahoy!,chips ahoy,Chips Ahoy!,Mondelez International,Mondelez International,Mondelez International,Mondelez International,Mondelez International,Mondelez International,Wholly Owned,,C:/Users/julia/OneDrive/Desktop/Downloads_temp/cpg_global_corporate_exception_matrix.csv,global_corporate_exception_matrix,no,direct,no,Exception-matrix row only; complete official brand universe not yet supplied for this company
Mondelez,Clif Bar,clif bar,Clif Bar,Mondelez International,Mondelez International,Mondelez International,Mondelez International,Mondelez International,Mondelez International,Wholly Owned Acquisition,,C:/Users/julia/OneDrive/Desktop/Downloads_temp/cpg_global_corporate_exception_matrix.csv,global_corporate_exception_matrix,no,direct,no,Exception-matrix row only; complete official brand universe not yet supplied for this company
Mondelez,Cote d'Or,cote d or,Cote d'Or,Mondelez International,Mondelez International,Mondelez International,Mondelez International,Mondelez International,Mondelez International,Wholly Owned Europe,,C:/Users/julia/OneDrive/Desktop/Downloads_temp/cpg_global_corporate_exception_matrix.csv,global_corporate_exception_matrix,no,direct,no,Exception-matrix row only; complete official brand universe not yet supplied for this company
Mondelez,Granola Biscuits,granola biscuits,Granola Biscuits,Mondelez International,Mondelez International,Mondelez International,Mondelez International,Mondelez International,Mondelez International,Wholly Owned France,,C:/Users/julia/OneDrive/Desktop/Downloads_temp/cpg_global_corporate_exception_matrix.csv,global_corporate_exception_matrix,no,direct,no,Exception-matrix row only; complete official brand universe not yet supplied for this company
Mondelez,Halls,halls,Halls,Mondelez International,Mondelez International,Mondelez International,Mondelez International,Mondelez International,Mondelez International,Wholly Owned Cough Drop,,C:/Users/julia/OneDrive/Desktop/Downloads_temp/cpg_global_corporate_exception_matrix.csv,global_corporate_exception_matrix,no,direct,no,Exception-matrix row only; complete official brand universe not yet supplied for this company
Mondelez,Lu Biscuit,lu biscuit,Lu Biscuit,Mondelez International,Mondelez International,Mondelez International,Mondelez International,Mondelez International,Mondelez International,Wholly Owned (Huge in FR),,C:/Users/julia/OneDrive/Desktop/Downloads_temp/cpg_global_corporate_exception_matrix.csv,global_corporate_exception_matrix,no,direct,no,Exception-matrix row only; complete official brand universe not yet supplied for this company
Mondelez,Mikado,mikado,Mikado,Mondelez International,Mondelez International,Mondelez International,Mondelez International,Mondelez International,Mondelez International,Licensed from Glico Europe,,C:/Users/julia/OneDrive/Desktop/Downloads_temp/cpg_global_corporate_exception_matrix.csv,global_corporate_exception_matrix,no,direct,no,Exception-matrix row only; complete official brand universe not yet supplied for this company
Mondelez,Milka,milka,Milka,Mondelez International,Mondelez International,Mondelez International,Mondelez International,Mondelez International,Mondelez International,Wholly Owned Europe,,C:/Users/julia/OneDrive/Desktop/Downloads_temp/cpg_global_corporate_exception_matrix.csv,global_corporate_exception_matrix,no,direct,no,Exception-matrix row only; complete official brand universe not yet supplied for this company
Mondelez,Oreo,oreo,Oreo,Mondelez International,Mondelez International,Mondelez International,Mondelez International,Mondelez International,Mondelez International,Wholly Owned,,C:/Users/julia/OneDrive/Desktop/Downloads_temp/cpg_global_corporate_exception_matrix.csv,global_corporate_exception_matrix,no,direct,no,Exception-matrix row only; complete official brand universe not yet supplied for this company
Mondelez,Philadelphia Cream Cheese,philadelphia cream cheese,Philadelphia Cream Cheese,Mondelez International,Kraft Heinz,Kraft Heinz,Mondelez International,Mondelez International,Mondelez International,Transatlantic Split (Post-Kraft Spin),,C:/Users/julia/OneDrive/Desktop/Downloads_temp/cpg_global_corporate_exception_matrix.csv,global_corporate_exception_matrix,no,market_scoped,yes,Exception-matrix row only; complete official brand universe not yet supplied for this company
Mondelez,Prince Biscuits,prince biscuits,Prince Biscuits,Mondelez International,Mondelez International,Mondelez International,Mondelez International,Mondelez International,Mondelez International,Wholly Owned (LU Family),,C:/Users/julia/OneDrive/Desktop/Downloads_temp/cpg_global_corporate_exception_matrix.csv,global_corporate_exception_matrix,no,direct,no,Exception-matrix row only; complete official brand universe not yet supplied for this company
Mondelez,Ritz,ritz,Ritz,Mondelez International,Mondelez International,Mondelez International,Mondelez International,Mondelez International,Mondelez International,Wholly Owned,,C:/Users/julia/OneDrive/Desktop/Downloads_temp/cpg_global_corporate_exception_matrix.csv,global_corporate_exception_matrix,no,direct,no,Exception-matrix row only; complete official brand universe not yet supplied for this company
Mondelez,Sour Patch Kids,sour patch kids,Sour Patch Kids,Mondelez International,Mondelez International,Mondelez International,Mondelez International,Mondelez International,Mondelez International,Wholly Owned,,C:/Users/julia/OneDrive/Desktop/Downloads_temp/cpg_global_corporate_exception_matrix.csv,global_corporate_exception_matrix,no,direct,no,Exception-matrix row only; complete official brand universe not yet supplied for this company
Mondelez,Swedish Fish,swedish fish,Swedish Fish,Mondelez International,Mondelez International,Mondelez International,Mondelez International,Mondelez International,Mondelez International,Wholly Owned N. America,,C:/Users/julia/OneDrive/Desktop/Downloads_temp/cpg_global_corporate_exception_matrix.csv,global_corporate_exception_matrix,no,direct,no,Exception-matrix row only; complete official brand universe not yet supplied for this company
Mondelez,Toblerone,toblerone,Toblerone,Mondelez International,Mondelez International,Mondelez International,Mondelez International,Mondelez International,Mondelez International,Wholly Owned,,C:/Users/julia/OneDrive/Desktop/Downloads_temp/cpg_global_corporate_exception_matrix.csv,global_corporate_exception_matrix,no,direct,no,Exception-matrix row only; complete official brand universe not yet supplied for this company
Mondelez,Triscuit,triscuit,Triscuit,Mondelez International,Mondelez International,Mondelez International,Mondelez International,Mondelez International,Mondelez International,Wholly Owned,,C:/Users/julia/OneDrive/Desktop/Downloads_temp/cpg_global_corporate_exception_matrix.csv,global_corporate_exception_matrix,no,direct,no,Exception-matrix row only; complete official brand universe not yet supplied for this company
Mondelez,Wheat Thins,wheat thins,Wheat Thins,Mondelez International,Mondelez International,Mondelez International,Mondelez International,Mondelez International,Mondelez International,Wholly Owned,,C:/Users/julia/OneDrive/Desktop/Downloads_temp/cpg_global_corporate_exception_matrix.csv,global_corporate_exception_matrix,no,direct,no,Exception-matrix row only; complete official brand universe not yet supplied for this company
Danone,Actimel,actimel,Actimel,Danone,Danone,Danone,Danone,Danone,Danone,Wholly Owned Global Brand,,C:/Users/julia/OneDrive/Desktop/Downloads_temp/cpg_global_corporate_exception_matrix.csv,global_corporate_exception_matrix,no,direct,no,Exception-matrix row only; complete official brand universe not yet supplied for this company
Danone,Activia,activia,Activia,Danone,Danone,Danone,Danone,Danone,Danone,Wholly Owned Global Brand,,C:/Users/julia/OneDrive/Desktop/Downloads_temp/cpg_global_corporate_exception_matrix.csv,global_corporate_exception_matrix,no,direct,no,Exception-matrix row only; complete official brand universe not yet supplied for this company
Danone,Alpro,alpro,Alpro,Danone,Danone,Danone,Danone,Danone,Danone,Wholly Owned Plant Based (Europe),,C:/Users/julia/OneDrive/Desktop/Downloads_temp/cpg_global_corporate_exception_matrix.csv,global_corporate_exception_matrix,no,direct,no,Exception-matrix row only; complete official brand universe not yet supplied for this company
Danone,Aptamil,aptamil,Aptamil,Danone,Danone,Danone,Danone,Danone,Danone,Wholly Owned Infant Nutrition,,C:/Users/julia/OneDrive/Desktop/Downloads_temp/cpg_global_corporate_exception_matrix.csv,global_corporate_exception_matrix,no,direct,no,Exception-matrix row only; complete official brand universe not yet supplied for this company
Danone,Badoit,badoit,Badoit,Danone,Danone,Danone,Danone,Danone,Danone,Wholly Owned French Sparkling,,C:/Users/julia/OneDrive/Desktop/Downloads_temp/cpg_global_corporate_exception_matrix.csv,global_corporate_exception_matrix,no,direct,no,Exception-matrix row only; complete official brand universe not yet supplied for this company
Danone,Blédina,bledina,Blédina,Danone,Danone,Danone,Danone,Danone,Danone,Wholly Owned France Baby Brand,,C:/Users/julia/OneDrive/Desktop/Downloads_temp/cpg_global_corporate_exception_matrix.csv,global_corporate_exception_matrix,no,direct,no,Exception-matrix row only; complete official brand universe not yet supplied for this company
Danone,Cow & Gate,cow and gate,Cow & Gate,Danone,Danone,Danone,Danone,Danone,Danone,Wholly Owned UK Infant Brand,,C:/Users/julia/OneDrive/Desktop/Downloads_temp/cpg_global_corporate_exception_matrix.csv,global_corporate_exception_matrix,no,direct,no,Exception-matrix row only; complete official brand universe not yet supplied for this company
Danone,Danette,danette,Danette,Danone,Danone,Danone,Danone,Danone,Danone,Wholly Owned (Huge in FR),,C:/Users/julia/OneDrive/Desktop/Downloads_temp/cpg_global_corporate_exception_matrix.csv,global_corporate_exception_matrix,no,direct,no,Exception-matrix row only; complete official brand universe not yet supplied for this company
Danone,Danio,danio,Danio,Danone,Danone,Danone,Danone,Danone,Danone,Wholly Owned Europe,,C:/Users/julia/OneDrive/Desktop/Downloads_temp/cpg_global_corporate_exception_matrix.csv,global_corporate_exception_matrix,no,direct,no,Exception-matrix row only; complete official brand universe not yet supplied for this company
Danone,Dannon,dannon,Dannon,Danone,Danone,Danone,Danone,Danone,Danone,US Regional Variant Banner,,C:/Users/julia/OneDrive/Desktop/Downloads_temp/cpg_global_corporate_exception_matrix.csv,global_corporate_exception_matrix,no,direct,no,Exception-matrix row only; complete official brand universe not yet supplied for this company
Danone,Danone,danone,Danone,Danone,Danone (Dannon in US),Danone,Danone,Danone,Danone,Wholly Owned,,C:/Users/julia/OneDrive/Desktop/Downloads_temp/cpg_global_corporate_exception_matrix.csv,global_corporate_exception_matrix,no,market_scoped,yes,Exception-matrix row only; complete official brand universe not yet supplied for this company
Danone,Evian,evian,Evian,Danone,Danone,Danone,Danone,Danone,Danone,Wholly Owned Water Asset,,C:/Users/julia/OneDrive/Desktop/Downloads_temp/cpg_global_corporate_exception_matrix.csv,global_corporate_exception_matrix,no,direct,no,Exception-matrix row only; complete official brand universe not yet supplied for this company
Danone,International Delight,international delight,International Delight,Danone,Danone,Danone,Danone,Danone,Danone,Wholly Owned US Coffee Creamer,,C:/Users/julia/OneDrive/Desktop/Downloads_temp/cpg_global_corporate_exception_matrix.csv,global_corporate_exception_matrix,no,direct,no,Exception-matrix row only; complete official brand universe not yet supplied for this company
Danone,Light + Fit,light fit,Light + Fit,Danone,Danone,Danone,Danone,Danone,Danone,Wholly Owned,,C:/Users/julia/OneDrive/Desktop/Downloads_temp/cpg_global_corporate_exception_matrix.csv,global_corporate_exception_matrix,no,direct,no,Exception-matrix row only; complete official brand universe not yet supplied for this company
Danone,Nutricia,nutricia,Nutricia,Danone,Danone,Danone,Danone,Danone,Danone,Wholly Owned Special Medical Nutrition,,C:/Users/julia/OneDrive/Desktop/Downloads_temp/cpg_global_corporate_exception_matrix.csv,global_corporate_exception_matrix,no,direct,no,Exception-matrix row only; complete official brand universe not yet supplied for this company
Danone,Oikos,oikos,Oikos,Danone,Danone,Danone,Danone,Danone,Danone,Wholly Owned Greek Yogurt,,C:/Users/julia/OneDrive/Desktop/Downloads_temp/cpg_global_corporate_exception_matrix.csv,global_corporate_exception_matrix,no,direct,no,Exception-matrix row only; complete official brand universe not yet supplied for this company
Danone,Silk,silk,Silk,Danone,Danone,Danone,Danone,Danone,Danone,Wholly Owned Plant Based (WhiteWave),,C:/Users/julia/OneDrive/Desktop/Downloads_temp/cpg_global_corporate_exception_matrix.csv,global_corporate_exception_matrix,no,direct,no,Exception-matrix row only; complete official brand universe not yet supplied for this company
Danone,Volvic,volvic,Volvic,Danone,Danone,Danone,Danone,Danone,Danone,Wholly Owned Water Asset,,C:/Users/julia/OneDrive/Desktop/Downloads_temp/cpg_global_corporate_exception_matrix.csv,global_corporate_exception_matrix,no,direct,no,Exception-matrix row only; complete official brand universe not yet supplied for this company
Kraft Heinz,Amoy,amoy,Amoy,Kraft Heinz,Kraft Heinz,Kraft Heinz,Kraft Heinz,Kraft Heinz,Kraft Heinz,Asian Food Asset Europe Ownership,,C:/Users/julia/OneDrive/Desktop/Downloads_temp/cpg_global_corporate_exception_matrix.csv,global_corporate_exception_matrix,no,direct,no,Exception-matrix row only; complete official brand universe not yet supplied for this company
Kraft Heinz,Capri Sun,capri sun,Capri Sun,Capri Sun Group / Coca-Cola Europacific Partners,Kraft Heinz,Kraft Heinz,Capri Sun Group / Coca-Cola Europacific Partners,Capri Sun Group / Coca-Cola Europacific Partners,Capri Sun Group / Coca-Cola Europacific Partners,Licensing Architecture Split,,C:/Users/julia/OneDrive/Desktop/Downloads_temp/cpg_global_corporate_exception_matrix.csv,global_corporate_exception_matrix,no,market_scoped,yes,Exception-matrix row only; complete official brand universe not yet supplied for this company
Kraft Heinz,Heinz Ketchup,heinz ketchup,Heinz Ketchup,Kraft Heinz,Kraft Heinz,Kraft Heinz,Kraft Heinz,Kraft Heinz,Kraft Heinz,Wholly Owned Global Brand,,C:/Users/julia/OneDrive/Desktop/Downloads_temp/cpg_global_corporate_exception_matrix.csv,global_corporate_exception_matrix,no,direct,no,Exception-matrix row only; complete official brand universe not yet supplied for this company
Kraft Heinz,HP Sauce,hp sauce,HP Sauce,Kraft Heinz,Kraft Heinz,Kraft Heinz,Kraft Heinz,Kraft Heinz,Kraft Heinz,Wholly Owned British Classic Asset,,C:/Users/julia/OneDrive/Desktop/Downloads_temp/cpg_global_corporate_exception_matrix.csv,global_corporate_exception_matrix,no,direct,no,Exception-matrix row only; complete official brand universe not yet supplied for this company
Kraft Heinz,Jell-O,jell o,Jell-O,Kraft Heinz,Kraft Heinz,Kraft Heinz,Kraft Heinz,Kraft Heinz,Kraft Heinz,Wholly Owned,,C:/Users/julia/OneDrive/Desktop/Downloads_temp/cpg_global_corporate_exception_matrix.csv,global_corporate_exception_matrix,no,direct,no,Exception-matrix row only; complete official brand universe not yet supplied for this company
Kraft Heinz,Kool-Aid,kool aid,Kool-Aid,Kraft Heinz,Kraft Heinz,Kraft Heinz,Kraft Heinz,Kraft Heinz,Kraft Heinz,Wholly Owned Beverage Powder,,C:/Users/julia/OneDrive/Desktop/Downloads_temp/cpg_global_corporate_exception_matrix.csv,global_corporate_exception_matrix,no,direct,no,Exception-matrix row only; complete official brand universe not yet supplied for this company
Kraft Heinz,Kraft Dinner,kraft dinner,Kraft Dinner,Kraft Heinz,Kraft Heinz,Kraft Heinz,Kraft Heinz,Kraft Heinz,Kraft Heinz,Canadian Standard Nomenclature,,C:/Users/julia/OneDrive/Desktop/Downloads_temp/cpg_global_corporate_exception_matrix.csv,global_corporate_exception_matrix,no,direct,no,Exception-matrix row only; complete official brand universe not yet supplied for this company
Kraft Heinz,Kraft Macaroni & Cheese,kraft macaroni and cheese,Kraft Macaroni & Cheese,Kraft Heinz,Kraft Heinz,Kraft Heinz (Kraft Dinner),Kraft Heinz,Kraft Heinz,Kraft Heinz,Wholly Owned Name Mutation,,C:/Users/julia/OneDrive/Desktop/Downloads_temp/cpg_global_corporate_exception_matrix.csv,global_corporate_exception_matrix,no,market_scoped,yes,Exception-matrix row only; complete official brand universe not yet supplied for this company
Kraft Heinz,Lea & Perrins,lea and perrins,Lea & Perrins,Kraft Heinz,Kraft Heinz,Kraft Heinz,Kraft Heinz,Kraft Heinz,Kraft Heinz,Wholly Owned Worcestershire Sauce,,C:/Users/julia/OneDrive/Desktop/Downloads_temp/cpg_global_corporate_exception_matrix.csv,global_corporate_exception_matrix,no,direct,no,Exception-matrix row only; complete official brand universe not yet supplied for this company
Kraft Heinz,Lunchables,lunchables,Lunchables,Kraft Heinz,Kraft Heinz,Kraft Heinz,Kraft Heinz,Kraft Heinz,Kraft Heinz,Wholly Owned Snack Kit,,C:/Users/julia/OneDrive/Desktop/Downloads_temp/cpg_global_corporate_exception_matrix.csv,global_corporate_exception_matrix,no,direct,no,Exception-matrix row only; complete official brand universe not yet supplied for this company
Kraft Heinz,Maxwell House,maxwell house,Maxwell House,Kraft Heinz,Kraft Heinz,Kraft Heinz,Kraft Heinz,Kraft Heinz,Kraft Heinz,Wholly Owned Coffee (US/CA),,C:/Users/julia/OneDrive/Desktop/Downloads_temp/cpg_global_corporate_exception_matrix.csv,global_corporate_exception_matrix,no,direct,no,Exception-matrix row only; complete official brand universe not yet supplied for this company
Kraft Heinz,Miracle Whip,miracle whip,Miracle Whip,Kraft Heinz,Kraft Heinz,Kraft Heinz,Kraft Heinz,Kraft Heinz,Kraft Heinz,Wholly Owned Mayonnaise alternative,,C:/Users/julia/OneDrive/Desktop/Downloads_temp/cpg_global_corporate_exception_matrix.csv,global_corporate_exception_matrix,no,direct,no,Exception-matrix row only; complete official brand universe not yet supplied for this company
Kraft Heinz,Ore-Ida,ore ida,Ore-Ida,Kraft Heinz,Kraft Heinz,Kraft Heinz,Kraft Heinz,Kraft Heinz,Kraft Heinz,Wholly Owned Frozen,,C:/Users/julia/OneDrive/Desktop/Downloads_temp/cpg_global_corporate_exception_matrix.csv,global_corporate_exception_matrix,no,direct,no,Exception-matrix row only; complete official brand universe not yet supplied for this company
Kraft Heinz,Oscar Mayer,oscar mayer,Oscar Mayer,Kraft Heinz,Kraft Heinz,Kraft Heinz,Kraft Heinz,Kraft Heinz,Kraft Heinz,Wholly Owned Meats,,C:/Users/julia/OneDrive/Desktop/Downloads_temp/cpg_global_corporate_exception_matrix.csv,global_corporate_exception_matrix,no,direct,no,Exception-matrix row only; complete official brand universe not yet supplied for this company
Kraft Heinz,Velveeta,velveeta,Velveeta,Kraft Heinz,Kraft Heinz,Kraft Heinz,Kraft Heinz,Kraft Heinz,Kraft Heinz,Wholly Owned Processed Cheese,,C:/Users/julia/OneDrive/Desktop/Downloads_temp/cpg_global_corporate_exception_matrix.csv,global_corporate_exception_matrix,no,direct,no,Exception-matrix row only; complete official brand universe not yet supplied for this company
Kraft Heinz,Wyler's,wyler s,Wyler's,Kraft Heinz,Kraft Heinz,Kraft Heinz,Kraft Heinz,Kraft Heinz,Kraft Heinz,Wholly Owned Soups/Blends,,C:/Users/julia/OneDrive/Desktop/Downloads_temp/cpg_global_corporate_exception_matrix.csv,global_corporate_exception_matrix,no,direct,no,Exception-matrix row only; complete official brand universe not yet supplied for this company
Hershey,Brookside,brookside,Brookside,The Hershey Company,The Hershey Company,The Hershey Company,The Hershey Company,The Hershey Company,The Hershey Company,Wholly Owned Premium Fruit/Choc,,C:/Users/julia/OneDrive/Desktop/Downloads_temp/cpg_global_corporate_exception_matrix.csv,global_corporate_exception_matrix,no,direct,no,Exception-matrix row only; complete official brand universe not yet supplied for this company
Hershey,Dot's Pretzels,dot s pretzels,Dot's Pretzels,The Hershey Company,The Hershey Company,The Hershey Company,The Hershey Company,The Hershey Company,The Hershey Company,Wholly Owned Savory Acquisition,,C:/Users/julia/OneDrive/Desktop/Downloads_temp/cpg_global_corporate_exception_matrix.csv,global_corporate_exception_matrix,no,direct,no,Exception-matrix row only; complete official brand universe not yet supplied for this company
Hershey,Hershey's Chocolate,hershey s chocolate,Hershey's Chocolate,The Hershey Company,The Hershey Company,The Hershey Company,The Hershey Company,The Hershey Company,The Hershey Company,Wholly Owned Corporate Core,,C:/Users/julia/OneDrive/Desktop/Downloads_temp/cpg_global_corporate_exception_matrix.csv,global_corporate_exception_matrix,no,direct,no,Exception-matrix row only; complete official brand universe not yet supplied for this company
Hershey,Ice Breakers,ice breakers,Ice Breakers,The Hershey Company,The Hershey Company,The Hershey Company,The Hershey Company,The Hershey Company,The Hershey Company,Wholly Owned Mint Asset,,C:/Users/julia/OneDrive/Desktop/Downloads_temp/cpg_global_corporate_exception_matrix.csv,global_corporate_exception_matrix,no,direct,no,Exception-matrix row only; complete official brand universe not yet supplied for this company
Hershey,Jolly Rancher,jolly rancher,Jolly Rancher,The Hershey Company,The Hershey Company,The Hershey Company,The Hershey Company,The Hershey Company,The Hershey Company,Wholly Owned Confectionery,,C:/Users/julia/OneDrive/Desktop/Downloads_temp/cpg_global_corporate_exception_matrix.csv,global_corporate_exception_matrix,no,direct,no,Exception-matrix row only; complete official brand universe not yet supplied for this company
Hershey,Kisses,kisses,Kisses,The Hershey Company,The Hershey Company,The Hershey Company,The Hershey Company,The Hershey Company,The Hershey Company,Wholly Owned Variant Core,,C:/Users/julia/OneDrive/Desktop/Downloads_temp/cpg_global_corporate_exception_matrix.csv,global_corporate_exception_matrix,no,direct,no,Exception-matrix row only; complete official brand universe not yet supplied for this company
Hershey,PayDay,payday,PayDay,The Hershey Company,The Hershey Company,The Hershey Company,The Hershey Company,The Hershey Company,The Hershey Company,Wholly Owned US Candy Bar,,C:/Users/julia/OneDrive/Desktop/Downloads_temp/cpg_global_corporate_exception_matrix.csv,global_corporate_exception_matrix,no,direct,no,Exception-matrix row only; complete official brand universe not yet supplied for this company
Hershey,Pirate's Booty,pirate s booty,Pirate's Booty,The Hershey Company,The Hershey Company,The Hershey Company,The Hershey Company,The Hershey Company,The Hershey Company,Wholly Owned Puffed Snack,,C:/Users/julia/OneDrive/Desktop/Downloads_temp/cpg_global_corporate_exception_matrix.csv,global_corporate_exception_matrix,no,direct,no,Exception-matrix row only; complete official brand universe not yet supplied for this company
Hershey,Reese's,reese s,Reese's,The Hershey Company,The Hershey Company,The Hershey Company,The Hershey Company,The Hershey Company,The Hershey Company,Wholly Owned Global Engine,,C:/Users/julia/OneDrive/Desktop/Downloads_temp/cpg_global_corporate_exception_matrix.csv,global_corporate_exception_matrix,no,direct,no,Exception-matrix row only; complete official brand universe not yet supplied for this company
Hershey,Twizzlers,twizzlers,Twizzlers,The Hershey Company,The Hershey Company,The Hershey Company,The Hershey Company,The Hershey Company,The Hershey Company,Wholly Owned Candy,,C:/Users/julia/OneDrive/Desktop/Downloads_temp/cpg_global_corporate_exception_matrix.csv,global_corporate_exception_matrix,no,direct,no,Exception-matrix row only; complete official brand universe not yet supplied for this company
Hershey,Whatchamacallit,whatchamacallit,Whatchamacallit,The Hershey Company,The Hershey Company,The Hershey Company,The Hershey Company,The Hershey Company,The Hershey Company,Wholly Owned US Bar,,C:/Users/julia/OneDrive/Desktop/Downloads_temp/cpg_global_corporate_exception_matrix.csv,global_corporate_exception_matrix,no,direct,no,Exception-matrix row only; complete official brand universe not yet supplied for this company
Coca-Cola,Cappy,cappy,Cappy,The Coca-Cola Company,The Coca-Cola Company,The Coca-Cola Company,The Coca-Cola Company,The Coca-Cola Company,The Coca-Cola Company,European Regional Variant Juice,,C:/Users/julia/OneDrive/Desktop/Downloads_temp/cpg_global_corporate_exception_matrix.csv,global_corporate_exception_matrix,no,direct,no,Exception-matrix row only; complete official brand universe not yet supplied for this company
Coca-Cola,Coca-Cola,coca cola,Coca-Cola,The Coca-Cola Company,The Coca-Cola Company,The Coca-Cola Company,The Coca-Cola Company,The Coca-Cola Company,The Coca-Cola Company,Wholly Owned Brand IP,,C:/Users/julia/OneDrive/Desktop/Downloads_temp/cpg_global_corporate_exception_matrix.csv,global_corporate_exception_matrix,no,direct,no,Exception-matrix row only; complete official brand universe not yet supplied for this company
Coca-Cola,Coca-Cola Light,coca cola light,Coca-Cola Light,The Coca-Cola Company,The Coca-Cola Company,The Coca-Cola Company,The Coca-Cola Company,The Coca-Cola Company,The Coca-Cola Company,European Variant Naming Core,,C:/Users/julia/OneDrive/Desktop/Downloads_temp/cpg_global_corporate_exception_matrix.csv,global_corporate_exception_matrix,no,direct,no,Exception-matrix row only; complete official brand universe not yet supplied for this company
Coca-Cola,Costa Coffee,costa coffee,Costa Coffee,The Coca-Cola Company,The Coca-Cola Company,The Coca-Cola Company,The Coca-Cola Company,The Coca-Cola Company,The Coca-Cola Company,Wholly Owned Cafe System Distribution,,C:/Users/julia/OneDrive/Desktop/Downloads_temp/cpg_global_corporate_exception_matrix.csv,global_corporate_exception_matrix,no,direct,no,Exception-matrix row only; complete official brand universe not yet supplied for this company
Coca-Cola,Diet Coke,diet coke,Diet Coke,The Coca-Cola Company,The Coca-Cola Company,The Coca-Cola Company,The Coca-Cola Company,The Coca-Cola Company,The Coca-Cola Company,Wholly Owned Brand IP,,C:/Users/julia/OneDrive/Desktop/Downloads_temp/cpg_global_corporate_exception_matrix.csv,global_corporate_exception_matrix,no,direct,no,Exception-matrix row only; complete official brand universe not yet supplied for this company
Coca-Cola,Dr Pepper,dr pepper,Dr Pepper,The Coca-Cola Company,Keurig Dr Pepper,Keurig Dr Pepper,The Coca-Cola Company,The Coca-Cola Company,The Coca-Cola Company,Fractured Distribution Agreement Split,,C:/Users/julia/OneDrive/Desktop/Downloads_temp/cpg_global_corporate_exception_matrix.csv,global_corporate_exception_matrix,no,market_scoped,yes,Exception-matrix row only; complete official brand universe not yet supplied for this company
Coca-Cola,Fanta,fanta,Fanta,The Coca-Cola Company,The Coca-Cola Company,The Coca-Cola Company,The Coca-Cola Company,The Coca-Cola Company,The Coca-Cola Company,Wholly Owned Global Asset,,C:/Users/julia/OneDrive/Desktop/Downloads_temp/cpg_global_corporate_exception_matrix.csv,global_corporate_exception_matrix,no,direct,no,Exception-matrix row only; complete official brand universe not yet supplied for this company
Coca-Cola,Fuze Tea,fuze tea,Fuze Tea,The Coca-Cola Company,The Coca-Cola Company,The Coca-Cola Company,The Coca-Cola Company,The Coca-Cola Company,The Coca-Cola Company,Wholly Owned Tea Asset,,C:/Users/julia/OneDrive/Desktop/Downloads_temp/cpg_global_corporate_exception_matrix.csv,global_corporate_exception_matrix,no,direct,no,Exception-matrix row only; complete official brand universe not yet supplied for this company
Coca-Cola,Honest Tea,honest tea,Honest Tea,The Coca-Cola Company,The Coca-Cola Company,The Coca-Cola Company,The Coca-Cola Company,The Coca-Cola Company,The Coca-Cola Company,Wholly Owned Tea Asset,,C:/Users/julia/OneDrive/Desktop/Downloads_temp/cpg_global_corporate_exception_matrix.csv,global_corporate_exception_matrix,no,direct,no,Exception-matrix row only; complete official brand universe not yet supplied for this company
Coca-Cola,Minute Maid,minute maid,Minute Maid,The Coca-Cola Company,The Coca-Cola Company,The Coca-Cola Company,The Coca-Cola Company,The Coca-Cola Company,The Coca-Cola Company,Wholly Owned Global Juice Portfolio,,C:/Users/julia/OneDrive/Desktop/Downloads_temp/cpg_global_corporate_exception_matrix.csv,global_corporate_exception_matrix,no,direct,no,Exception-matrix row only; complete official brand universe not yet supplied for this company
Coca-Cola,Monster Energy,monster energy,Monster Energy,Monster Beverage Corp,Monster Beverage Corp (Coca-Cola 20% stake / exclusive distrib),Monster Beverage Corp,Monster Beverage Corp,Monster Beverage Corp,Monster Beverage Corp,Distribution / Strategic Stake Alignment,,C:/Users/julia/OneDrive/Desktop/Downloads_temp/cpg_global_corporate_exception_matrix.csv,global_corporate_exception_matrix,no,market_scoped,yes,Exception-matrix row only; complete official brand universe not yet supplied for this company
Coca-Cola,Oasis Juice Drink,oasis juice drink,Oasis Juice Drink,Orangina Schweppes / Suntory,The Coca-Cola Company,The Coca-Cola Company,Orangina Schweppes / Suntory,Orangina Schweppes / Suntory,Orangina Schweppes / Suntory,Massive OFF Trap: FR Oasis belongs to Suntory!,,C:/Users/julia/OneDrive/Desktop/Downloads_temp/cpg_global_corporate_exception_matrix.csv,global_corporate_exception_matrix,no,market_scoped,yes,Exception-matrix row only; complete official brand universe not yet supplied for this company
Coca-Cola,SmartWater,smartwater,SmartWater,The Coca-Cola Company,The Coca-Cola Company,The Coca-Cola Company,The Coca-Cola Company,The Coca-Cola Company,The Coca-Cola Company,Wholly Owned Glaceau Line,,C:/Users/julia/OneDrive/Desktop/Downloads_temp/cpg_global_corporate_exception_matrix.csv,global_corporate_exception_matrix,no,direct,no,Exception-matrix row only; complete official brand universe not yet supplied for this company
Coca-Cola,Sprite,sprite,Sprite,The Coca-Cola Company,The Coca-Cola Company,The Coca-Cola Company,The Coca-Cola Company,The Coca-Cola Company,The Coca-Cola Company,Wholly Owned Global Asset,,C:/Users/julia/OneDrive/Desktop/Downloads_temp/cpg_global_corporate_exception_matrix.csv,global_corporate_exception_matrix,no,direct,no,Exception-matrix row only; complete official brand universe not yet supplied for this company
Coca-Cola,Tropico,tropico,Tropico,The Coca-Cola Company,The Coca-Cola Company,The Coca-Cola Company,The Coca-Cola Company,The Coca-Cola Company,The Coca-Cola Company,French Fruit Drink Acquisition,,C:/Users/julia/OneDrive/Desktop/Downloads_temp/cpg_global_corporate_exception_matrix.csv,global_corporate_exception_matrix,no,direct,no,Exception-matrix row only; complete official brand universe not yet supplied for this company
Coca-Cola,VitaminWater,vitaminwater,VitaminWater,The Coca-Cola Company,The Coca-Cola Company,The Coca-Cola Company,The Coca-Cola Company,The Coca-Cola Company,The Coca-Cola Company,Wholly Owned Glaceau Line,,C:/Users/julia/OneDrive/Desktop/Downloads_temp/cpg_global_corporate_exception_matrix.csv,global_corporate_exception_matrix,no,direct,no,Exception-matrix row only; complete official brand universe not yet supplied for this company
Starbucks,Starbucks Cafe Items,starbucks cafe items,Starbucks Cafe Items,Starbucks Coffee Company,Starbucks Coffee Company,Starbucks Coffee Company,Starbucks Coffee Company,Starbucks Coffee Company,Starbucks Coffee Company,Independent Coffeehouse Proprietor Asset,,C:/Users/julia/OneDrive/Desktop/Downloads_temp/cpg_global_corporate_exception_matrix.csv,global_corporate_exception_matrix,no,market_scoped,yes,Exception-matrix row only; complete official brand universe not yet supplied for this company
Starbucks,Starbucks Chilled Frappuccino,starbucks chilled frappuccino,Starbucks Chilled Frappuccino,PepsiCo (NACP),PepsiCo (NACP),PepsiCo (NACP),PepsiCo (NACP),PepsiCo (NACP),PepsiCo (NACP),Liquid RTD Distribution Joint Venture,,C:/Users/julia/OneDrive/Desktop/Downloads_temp/cpg_global_corporate_exception_matrix.csv,global_corporate_exception_matrix,no,market_scoped,yes,Exception-matrix row only; complete official brand universe not yet supplied for this company
Starbucks,Starbucks Doubleshot Canned,starbucks doubleshot canned,Starbucks Doubleshot Canned,PepsiCo (NACP),PepsiCo (NACP),PepsiCo (NACP),PepsiCo (NACP),PepsiCo (NACP),PepsiCo (NACP),Liquid RTD Distribution Joint Venture,,C:/Users/julia/OneDrive/Desktop/Downloads_temp/cpg_global_corporate_exception_matrix.csv,global_corporate_exception_matrix,no,market_scoped,yes,Exception-matrix row only; complete official brand universe not yet supplied for this company
Starbucks,Starbucks K-Cup,starbucks k cup,Starbucks K-Cup,Nestle,Nestle,Nestle,Nestle,Nestle,Nestle,Global Coffee Alliance Perpetual Retail License,,C:/Users/julia/OneDrive/Desktop/Downloads_temp/cpg_global_corporate_exception_matrix.csv,global_corporate_exception_matrix,no,market_scoped,yes,Exception-matrix row only; complete official brand universe not yet supplied for this company
Starbucks,Starbucks VIA Soluble,starbucks via soluble,Starbucks VIA Soluble,Nestle,Nestle,Nestle,Nestle,Nestle,Nestle,Global Coffee Alliance Perpetual Retail License,,C:/Users/julia/OneDrive/Desktop/Downloads_temp/cpg_global_corporate_exception_matrix.csv,global_corporate_exception_matrix,no,market_scoped,yes,Exception-matrix row only; complete official brand universe not yet supplied for this company
Starbucks,Starbucks Whole Bean,starbucks whole bean,Starbucks Whole Bean,Nestle,Nestle,Nestle,Nestle,Nestle,Nestle,Global Coffee Alliance Perpetual Retail License,,C:/Users/julia/OneDrive/Desktop/Downloads_temp/cpg_global_corporate_exception_matrix.csv,global_corporate_exception_matrix,no,market_scoped,yes,Exception-matrix row only; complete official brand universe not yet supplied for this company
